Experimental molecular inhibitory activities against angiotensin converting enzymes (ACE),,,
,,,
Sr. no. ,Molecular_SMILES,PubChem-CID,Experimental_activities (Active-1/Inactive-0)
1,O(CC)C(=O)[C@@H](N[C@H](C(=O)N1CCC[C@H]1C(O)=O)C)CCc1ccccc1,5388962,1
2,SC[C@H](C(=O)N1CCC[C@H]1C(O)=O)C,44093,1
3,OC(=O)[C@H]1N(CCC1)C(=O)CNC(=O)[C@@H](NC(=O)c1ccccc1)Cc1ccccc1,130842,1
4,OC(=O)[C@H]1N(CCC1)C(=O)CNCC(=O)[C@@H](NC(=O)c1ccccc1)Cc1ccccc1,44328238,1
5,S[C@@H](C(C)C)C(=O)N[C@@H](Cc1ccc(cc1)-c1ccccc1)C(=O)N[C@@H](Cc1ccc(O)cc1)C(O)=O,44364646,1
6,S[C@@H](Cc1ccccc1)C(=O)N[C@@H](Cc1ccc(cc1)-c1ccccc1)C(=O)N1CCC[C@H]1C(O)=O,10458734,1
7,S[C@@H](C(C)C)C(=O)N[C@@H](Cc1ccc(cc1)-c1ccccc1)C(=O)N[C@@H](C(C)C)C(O)=O,44376661,1
8,S[C@@H](Cc1ccccc1)C(=O)N[C@@H](Cc1c2c(ccc1)cccc2)C(=O)N1CCC[C@H]1C(O)=O,44376705,1
9,S[C@@H](C(=O)N[C@@H](Cc1ccc(cc1)-c1ccccc1)C(=O)N1CCC[C@H]1C(O)=O)c1cc2OCOc2cc1,44376922,1
10,S[C@@H](Cc1ccccc1)C(=O)N[C@@H](Cc1ccc(cc1)-c1ccccc1)C(O)=O,44377126,1
11,S[C@@H](C(C)C)C(=O)N[C@@H](Cc1ccc(cc1)-c1ccccc1)C(=O)N[C@H](C(O)=O)CO,44376665,1
12,S[C@@H](Cc1ccccc1)C(=O)N[C@@H](Cc1cc2c(cc1)cccc2)C(=O)N1CCC[C@H]1C(O)=O,44376704,1
13,S[C@H](Cc1ccccc1)C(=O)N[C@@H](Cc1c2c(ccc1)cccc2)C(=O)N1CCC[C@H]1C(O)=O,44376860,1
14,S[C@@H](C(C)C)C(=O)N[C@@H](Cc1ccc(cc1)-c1ccccc1)C(=O)N1CCC[C@H]1C(O)=O,44376644,1
15,S[C@H](C(=O)N[C@@H](Cc1ccc(cc1)-c1ccccc1)C(=O)N1CCC[C@H]1C(O)=O)c1cc2OCOc2cc1,44376688,1
16,S[C@H](Cc1ccccc1)C(=O)N[C@@H](Cc1cc2c(cc1)cccc2)C(=O)N1CCC[C@H]1C(O)=O,44376881,1
17,S[C@H](Cc1ccccc1)C(=O)N[C@@H](Cc1ccc(cc1)-c1ccccc1)C(=O)N1CCC[C@H]1C(O)=O,44376945,1
18,S[C@H](Cc1ccccc1)C(=O)N[C@@H](Cc1ccc(cc1)-c1ccccc1)C(O)=O,44377139,1
19,P(O)(O)(=O)CN[C@@H](C(C)C)C(=O)N[C@@H](Cc1ccc(cc1)-c1ccccc1)C(O)=O,10071569,1
20,OC(=O)[C@@H](NC(=O)[C@@H](N[C@H](C(O)=O)C)C(C)C)Cc1ccc(cc1)-c1ccccc1,44324830,1
21,OC(=O)[C@@H](NC(=O)C(N[C@H](C(O)=O)C)[C@H](CC)C)Cc1ccc(cc1)-c1ccccc1,44324831,1
22,P(O)(O)(=O)CN[C@@H](C(C)C)C(=O)N[C@@H](CCc1ccccc1)C(O)=O,44325055,1
23,P(O)(O)(=O)CN[C@@H](Cc1ccc(cc1)-c1ccccc1)C(=O)N[C@@H](Cc1ccc(cc1)-c1ccccc1)C(O)=O,44325082,1
24,P(O)(O)(=O)CN[C@@H](Cc1ccccc1)C(=O)N[C@@H](Cc1ccc(cc1)-c1ccccc1)C(O)=O,44325092,1
25,P(O)(O)(=O)CN[C@@H](CCCC)C(=O)N[C@@H](Cc1ccc(cc1)-c1ccccc1)C(O)=O,44325093,1
26,P(O)(O)(=O)CN[C@@H]([C@@H](O)C)C(=O)N[C@@H](Cc1ccc(cc1)-c1ccccc1)C(O)=O,44325095,1
27,OC(=O)CNC([C@H](CC)C)C(=O)N[C@@H](Cc1ccc(cc1)-c1ccccc1)C(O)=O,44325102,1
28,P(O)(O)(=O)CN[C@@H](Cc1ccccc1OC)C(=O)N[C@@H](Cc1ccc(cc1)-c1ccccc1)C(O)=O,44325232,1
29,P(O)(O)(=O)CN[C@@H]([C@@H](OCc1ccccc1)C)C(=O)N[C@@H](Cc1ccc(cc1)-c1ccccc1)C(O)=O,44386919,1
30,P(O)(O)(=O)CN[C@H](C(=O)N[C@@H](Cc1ccc(cc1)-c1ccccc1)C(O)=O)C,44325039,1
31,P(O)(O)(=O)CN[C@@H](Cc1cc2OCOc2cc1)C(=O)N[C@@H](Cc1ccc(cc1)-c1ccccc1)C(O)=O,44325081,1
32,Clc1ccc(cc1)C[C@H](NCP(O)(O)=O)C(=O)N[C@@H](Cc1ccc(cc1)-c1ccccc1)C(O)=O,44325169,1
33,P(O)(O)(=O)CN[C@@H](C(C)C)C(=O)N[C@@H](Cc1ccc(OC(C)C)cc1)C(O)=O,10432045,1
34,P(O)(O)(=O)[C@@H](N[C@@H](Cc1ccccc1)C(=O)N[C@@H](Cc1ccc(cc1)-c1ccccc1)C(O)=O)C,44325207,1
35,P(O)(O)(=O)CN[C@@H]([C@@H](CC)C)C(=O)N[C@@H](Cc1ccc(cc1)-c1ccccc1)C(O)=O,44324877,1
36,s1cccc1C[C@H](NCP(O)(O)=O)C(=O)N[C@@H](Cc1ccc(cc1)-c1ccccc1)C(O)=O,44324645,1
37,P(O)(O)(=O)CN[C@@H](C(C)C)C(=O)N[C@@H](Cc1c2c([nH]c1)cccc2)C(O)=O,44325086,1
38,P(O)(O)(=O)CN[C@@H](C(C)C)C(=O)N[C@@H](Cc1ccc(cc1)C1CCCCC1)C(O)=O,44325087,1
39,P(O)(O)(=O)CN[C@@H](Cc1cc2c(cc1)cccc2)C(=O)N[C@@H](Cc1ccc(cc1)-c1ccccc1)C(O)=O,44325166,1
40,P(O)(O)(=O)CN[C@@H]([C@H](C)c1ccccc1)C(=O)N[C@@H](Cc1ccc(cc1)-c1ccccc1)C(O)=O,44325222,1
41,P(O)(O)(=O)CN[C@@H](Cc1ccccc1C)C(=O)N[C@@H](Cc1ccc(cc1)-c1ccccc1)C(O)=O,44325247,1
42,S[C@@H](Cc1ccccc1)C(=O)N[C@H]1CCc2c3N([C@@H](Cc3ccc2)C(O)=O)C1=O,9822830,1
43,SCC(Cc1ccc(cc1)-c1ccccc1)C(=O)N[C@H]1CCc2c3N([C@@H](Cc3ccc2)C(O)=O)C1=O,71449083,1
44,S[C@@H](Cc1ccccc1)C(=O)N[C@@H]1CCc2c3N([C@@H](Cc3ccc2)C(O)=O)C1=O,71456155,1
45,S[C@H](C(=O)NC1CCc2c3N([C@@H](Cc3ccc2)C(O)=O)C1=O)C,44329454,1
46,S[C@@H]([C@@H](CC)C)C(=O)NC1CCc2c3N([C@@H](Cc3ccc2)C(O)=O)C1=O,22874530,1
47,S[C@@H](Cc1ccc(cc1)-c1ccccc1)C(=O)NC1CCc2c3N([C@@H](Cc3ccc2)C(O)=O)C1=O,22874524,1
48,S[C@@H](C(C)C)C(=O)NC1CCc2c3N([C@@H](Cc3ccc2)C(O)=O)C1=O,22874526,1
49,S[C@H](C(=O)NC1CCc2c3N([C@@H](Cc3ccc2)C(O)=O)C1=O)C1CCCCC1,22874522,1
50,SC1(CCCC1)C(=O)NC1CCc2c3N([C@@H](Cc3ccc2)C(O)=O)C1=O,22874513,1
51,S[C@H](Cc1ccccc1)C(=O)NC1CCc2c3N([C@@H](Cc3ccc2)C(O)=O)C1=O,22874515,1
52,SCC1CCCN(CC(O)=O)C1=O,133560,1
53,S(CC1CCCN(C(C(O)=O)C)C1=O)C(=O)C,12698990,1
54,S(CC1CCCN(C(C(O)=O)c2ccccc2)C1=O)C(=O)C,12698992,1
55,SCC1CCN(CC(O)=O)C1=O,12698984,1
56,S(CC1CCCN(C(CCC)C(O)=O)C1=O)C(=O)C,12698991,1
57,S(CC1CCN(CC(O)=O)C1=O)C(=O)C,12698983,1
58,OC(=O)[C@H]1N(CCC1)C(=O)CCC(=O)[C@@H](NC(=O)c1ccccc1)Cc1ccccc1,156271,1
59,OC(=O)[C@@H]1N(CCC1)C(=O)CCCC(=O)C(NC(=O)c1ccccc1)Cc1ccccc1,44387004,1
60,S(=O)(=O)(N(CC(=O)C(NC(=O)c1ccccc1)Cc1ccccc1)CC(=O)N1CCC[C@@H]1C(O)=O)c1ccc(cc1)C,44387064,1
61,OC(=O)[C@@H]1N(CCC1)C(=O)CNCC(=O)C(NC(=O)c1ccccc1)Cc1ccccc1,44386400,1
62,S(CC(=O)C(NC(=O)c1ccccc1)Cc1ccccc1)CC(=O)N1CCC[C@@H]1C(O)=O,44386845,1
63,O(CC(=O)C(NC(=O)c1ccccc1)Cc1ccccc1)CC(=O)N1CCC[C@@H]1C(O)=O,44386764,1
64,OC(=O)C1N(CCC1)C(=O)CCC(=O)[C@@H](NC(=O)CCCCC)Cc1ccccc1,44459887,1
65,OC(=O)[C@H]1N(CCC1)C(=O)[C@H](CC(=O)[C@@H](NC(=O)c1ccccc1)Cc1ccccc1)C,44328851,1
66,O(CCCC)C(=O)NC(Cc1ccccc1)C(=O)CC(C(=O)N1CCCC1C(O)=O)C,12854269,1
67,OC(=O)[C@H]1N(CCC1)C(=O)[C@H](CC(=O)[C@H](NC(=O)c1ccccc1)Cc1ccccc1)C,44328852,1
68,OC(=O)C1N(CCC1)C(=O)CCC(=O)[C@@H](NC(=O)CCCCCCCCC)Cc1ccccc1,44459635,1
69,OC(=O)C1N(CCC1)C(=O)CCC(=O)[C@@H](NC(=O)CCCCCCC)Cc1ccccc1,44459899,1
70,OC(=O)[C@H]1N(CCC1)C(=O)[C@@H](CC(=O)[C@H](NC(=O)c1ccccc1)Cc1ccccc1)C,44316753,1
71,O(CCCC)C(=O)NC(Cc1ccccc1)C(=O)CCC(=O)N1CCCC1C(O)=O,12854268,1
72,OC(=O)[C@H]1N(CCC1)C(=O)[C@@H](CC(=O)[C@@H](NC(=O)c1ccccc1)Cc1ccccc1)C,134166,1
73,O(Cc1ccccc1)C(=O)[C@H]1N(CCC1)C(=O)CCC(=O)C(NC(=O)c1ccccc1)Cc1cccnc1,44384730,1
74,O1CCCC1C(=O)NC(Cc1ccccc1)C(=O)CCC(=O)N1CCC[C@H]1C(O)=O,44385628,1
75,OC(=O)[C@H]1N(CCC1)C(=O)CC/C(=N\O)/C(NC(=O)c1ccccc1)Cc1ccccc1,44385857,1
76,O(C)c1cc(ccc1OC)CC(NC(=O)c1ccccc1)C(=O)CCC(=O)N1CCC[C@H]1C(O)=O,44384897,1
77,OC(=O)[C@H](NC(=O)CCC(=O)C(NC(=O)c1ccccc1)Cc1ccccc1)Cc1ccccc1,44385438,1
78,o1cccc1C(=O)NC(Cc1ccccc1)C(=O)CCC(=O)N1CCC[C@H]1C(O)=O,44385469,1
79,O(Cc1ccccc1)c1ccc(cc1)CC(NC(=O)c1ccccc1)C(=O)CCC(=O)N1CCC[C@H]1C(OC(C)(C)C)=O,44385749,1
80,Oc1ccc(cc1)CC(NC(=O)c1ccccc1)C(=O)CCC(=O)N1CCC[C@H]1C(O)=O,44386287,1
81,Cl.OC(=O)[C@H]1N(CCC1)C(=O)CCC(=O)C(N)Cc1ccccc1,45263109,1
82,OC(=O)[C@H]1N(CCC1)C(=O)CCC(=O)C(NC(=O)c1ccccc1C)Cc1ccccc1,44384569,1
83,O(Cc1ccccc1)C(=O)NC(Cc1ccccc1)C(=O)CCC(=O)N1CCC[C@H]1C(O)=O,44384992,1
84,OC(=O)[C@H]1N(CCC1)C(=O)CCC(=O)C(NC(=O)c1ccccc1)Cc1cccnc1,44384993,1
85,OC(=O)[C@H]1N(CCC1)C(=O)CCC(=O)C(NC(=O)C)Cc1ccccc1,44385470,1
86,O(Cc1ccccc1)c1ccc(cc1)CC(NC(=O)c1ccccc1)C(=O)CCC(=O)N1CCC[C@H]1C(OCc1ccccc1)=O,12854279,1
87,O(Cc1ccccc1)C(=O)C(NC(=O)CCC(=O)C(NC(=O)c1ccccc1)Cc1ccccc1)Cc1ccccc1,44385527,1
88,O(C(=O)[C@H]1N(CCC1)C(=O)CCC(=O)C(NC(=O)c1ccccc1)Cc1ccccc1)C,44386281,1
89,O(Cc1ccccc1)c1ccc(cc1)CC(NC(=O)c1ccccc1)C(=O)CCC(=O)N1CCC[C@H]1C(O)=O,44384727,1
90,OC(=O)[C@H]1N(CCC1)C(=O)CCC(=O)C(NC(=O)c1ccccc1)C,44384776,1
91,OC(=O)[C@H]1N(CCC1)C(=O)CCCC(=O)C(NC(=O)c1ccccc1)Cc1ccccc1,44384800,1
92,OC1C[C@H](N(C1)C(=O)CCC(=O)C(NC(=O)c1ccccc1)Cc1ccccc1)C(O)=O,44384859,1
93,O(Cc1ccccc1)C(=O)[C@H]1N(CCC1)C(=O)CCC(=O)C(NC(=O)c1ccccc1C)Cc1ccccc1,44385582,1
94,O=C(NC(Cc1ccccc1)C(=O)CCC(=O)N1CCC[C@H]1C(=O)N)c1ccccc1,44386286,1
95,OC(=O)[C@H]1N(CCC1)C(=O)[C@@H](N[C@@H](CCc1ccccc1)C(O)=O)C,5462501,1
96,S[C@@H]([C@@H](CC)C)C(=O)NCC(O)=O,44446953,1
97,S[C@@H]([C@@H](CC)C)C(=O)N[C@H](C(O)=O)C,44446954,1
98,S[C@@H]([C@@H](CC)C)C(=O)N[C@@H](Cc1cc(Oc2ccccc2)ccc1)C(O)=O,44446968,1
99,S[C@@H]([C@@H](CC)C)C(=O)N[C@@H](Cc1ccc(Oc2ccccc2)cc1)C(O)=O,44446969,1
100,S[C@@H]([C@@H](CC)C)C(=O)N[C@@H](Cc1ccccc1OCc1ccccc1)C(O)=O,44446970,1
101,S[C@@H]([C@@H](CC)C)C(=O)N[C@@H](Cc1ccc(OCc2cc(F)c(F)cc2)cc1)C(O)=O,44446979,1
102,S[C@@H]([C@@H](CC)C)C(=O)N[C@@H](Cc1ccc(OCc2ccc(cc2)C(F)(F)F)cc1)C(O)=O,44446980,1
103,S[C@@H]([C@@H](CC)C)C(=O)N[C@@H](Cc1ccc(cc1)-c1ccccc1)C(O)=O,44446952,1
104,S[C@@H]([C@@H](CC)C)C(=O)N[C@@H](Cc1ccccc1)C(O)=O,44446956,1
105,S[C@@H]([C@@H](CC)C)C(=O)N[C@@H](Cc1cc(ccc1)-c1ccccc1)C(O)=O,44446965,1
106,S[C@@H]([C@@H](CC)C)C(=O)N[C@@H](Cc1ccccc1Oc1ccccc1)C(O)=O,44446967,1
107,S[C@@H]([C@@H](CC)C)C(=O)N[C@@H](Cc1cc(OCc2ccccc2)ccc1)C(O)=O,44446972,1
108,S[C@@H]([C@@H](CC)C)C(=O)N[C@@H](Cc1ccc(OCc2ccc(F)cc2)cc1)C(O)=O,44446975,1
109,S[C@@H]([C@@H](CC)C)C(=O)N[C@@H](Cc1cc2c(cc1)cccc2)C(O)=O,44446960,1
110,S[C@@H]([C@@H](CC)C)C(=O)N[C@@H](Cc1ccccc1-c1ccccc1)C(O)=O,44446963,1
111,S[C@@H]([C@@H](CC)C)C(=O)N[C@@H](Cc1ccc(OCc2ccccc2)cc1)C(O)=O,44446974,1
112,S[C@@H]([C@@H](CC)C)C(=O)N[C@@H](Cc1ccc(O)cc1)C(O)=O,44446957,1
113,S[C@@H]([C@@H](CC)C)C(=O)N[C@@H](Cc1c2c(ccc1)cccc2)C(O)=O,44446959,1
114,S[C@@H]([C@@H](CC)C)C(=O)N[C@@H](Cc1ccc(OCc2ccc(F)cc2F)cc1)C(O)=O,44446976,1
115,S[C@@H]([C@@H](CC)C)C(=O)N[C@@H](Cc1ccc(OCc2cc(cc(c2)C(F)(F)F)C(F)(F)F)cc1)C(O)=O,44446984,1
116,S1SC[C@H](NC(=O)[C@@H](NC(=O)[C@H]2N(CCC2)C(=O)[C@@H](NC(=O)[C@@H](NC(=O)[C@@H](NC(=O)[C@@H](NC(=O)[C@H]2N(CCC2)C(=O)[C@@H](NC(=O)[C@@H](NC(=O)[C@@H](NC(=O)[C@@H](NC(=O)[C@@H](NC(=O)[C@@H](NC(=O)[C@H]2N(CCC2)C(=O)[C@@H](NC(=O)[C@H]2N(CCC2)C(=O)[C@@H](NC(=O)CNC(=O)CNC(=O)CN)CCC(O)=O)CC(O)=O)Cc2ccc(O)cc2)[C@H](O)C)C1)CCCCN)Cc1c2c([nH]c1)cccc2)Cc1c2c([nH]c1)cccc2)Cc1ccc(O)cc1)Cc1ccc(O)cc1)CCCNC(N)=N)CC(C)C)CO)C(=O)N[C@@H](Cc1nc[nH]c1)C(=O)N[C@H](C(=O)N[C@@H](Cc1ccc(O)cc1)C(=O)N[C@@H](CC(O)=O)C(=O)NCC(=O)C)CO,44447656,1
117,Clc1cc(cc(Cl)c1)Cn1cncc1C[C@H](N[C@@H](CC(C)C)C(O)=O)C(O)=O,448281,1
118,SCC(=O)N[C@@H](Cc1ccc(cc1)-c1ccccc1)C(O)=O,44455047,1
119,S[C@@H](CCc1ccccc1)C(=O)N[C@@H](Cc1ccc(cc1)-c1ccccc1)C(O)=O,44455406,1
120,S[C@H](C(=O)N[C@@H](Cc1ccc(cc1)-c1ccccc1)C(O)=O)C1CCCCC1,44454957,1
121,S[C@H](C(=O)N[C@@H](Cc1ccc(cc1)-c1ccccc1)C(O)=O)C1CCC1,44454959,1
122,S[C@@H](CCCC)C(=O)N[C@@H](Cc1ccc(cc1)-c1ccccc1)C(O)=O,44455013,1
123,SC(C(=O)N[C@@H](Cc1ccc(cc1)-c1ccccc1)C(O)=O)(C)C,44455015,1
124,S[C@@H]([C@H](CC)C)C(=O)N[C@@H](Cc1ccc(cc1)-c1ccccc1)C(O)=O,44454987,1
125,S[C@@H](C(C)C)C(=O)N[C@@H](Cc1ccc(cc1)-c1ccccc1)C(O)=O,25033280,1
126,S[C@@H](Cc1cc2c(cc1)cccc2)C(=O)N[C@@H](Cc1ccc(cc1)-c1ccccc1)C(O)=O,44455407,1
127,S[C@@H](CC(C)(C)C)C(=O)N[C@@H](Cc1ccc(cc1)-c1ccccc1)C(O)=O,25033281,1
128,S[C@@H](CC1CCCCC1)C(=O)N[C@@H](Cc1ccc(cc1)-c1ccccc1)C(O)=O,44455428,1
129,S[C@H](C(=O)N[C@@H](Cc1ccc(cc1)-c1ccccc1)C(O)=O)c1ccccc1,44455429,1
130,S[C@@H](CC(C)C)C(=O)N[C@@H](Cc1ccc(cc1)-c1ccccc1)C(O)=O,44455430,1
131,S[C@H](C(=O)N[C@@H](Cc1ccc(cc1)-c1ccccc1)C(O)=O)C1CCCC1,44454960,1
132,S[C@@H](CC)C(=O)N[C@@H](Cc1ccc(cc1)-c1ccccc1)C(O)=O,44455016,1
133,S[C@H](C(=O)N[C@@H](Cc1ccc(cc1)-c1ccccc1)C(O)=O)C,44455018,1
134,P(O)(=O)(C[C@@H](Cc1ccccc1)C(O)=O)[C@@H]1N(CCC1)C(=O)[C@@H](NC(=O)C)Cc1[nH]cnc1,24827781,1
135,P(O)(=O)(C[C@H](C(O)=O)C)[C@@H]1N(CCC1)C(OCc1ccccc1)=O,24828310,1
136,P(O)(=O)(C[C@@H](Cc1ccccc1)C(O)=O)[C@@H]1N(CCC1)C(=O)[C@@H](NC(=O)C)C(C)C,24827661,1
137,P(O)(=O)(C[C@@H](Cc1ccccc1)C(O)=O)[C@@H]1N(CCC1)C(=O)[C@@H](NC(=O)C)Cc1ccc(O)cc1,24827547,1
138,P(O)(=O)([C@H](NC(OCc1ccccc1)=O)CC(C)C)C[C@@H](Cc1ccccc1)C(O)=O,24828445,1
139,P(O)(=O)(C[C@@H](CC(C)C)C(O)=O)[C@@H]1N(CCC1)C(OCc1ccccc1)=O,24828309,1
140,P(O)(=O)([C@H](NC(=O)[C@@H](NC(=O)C)Cc1[nH]cnc1)CC(C)C)C[C@@H](Cc1ccccc1)C(O)=O,24827913,1
141,P(O)(=O)(C[C@@H](Cc1ccccc1)C(O)=O)[C@@H]1N(CCC1)C(=O)[C@@H](NC(=O)C)CCCCN,24827437,1
142,P(O)(=O)(C[C@@H](Cc1ccccc1)C(O)=O)[C@@H]1N(CCC1)C(=O)[C@@H](NC(=O)C)CC(C)C,24827312,1
143,P(O)(=O)([C@H](NC(=O)[C@@H](NC(=O)C)Cc1[nH]cnc1)CC(C)C)CC(Cc1onc(c1)-c1ccccc1)C(O)=O,44450296,1
144,P(O)(=O)(CC(Cc1onc(c1)-c1ccccc1)C(O)=O)[C@@H]1N(CCC1)C(=O)[C@@H](NC(=O)C)Cc1[nH]cnc1,44450311,1
145,P(O)(=O)(C[C@@H](Cc1ccccc1)C(O)=O)[C@@H]1N(CCC1)C(=O)[C@@H](NC(=O)C)C,24827309,1
146,P(O)(=O)(C[C@@H](Cc1ccccc1)C(O)=O)[C@@H]1N(CCC1)C(OCc1ccccc1)=O,24828308,1
147,P(O)(=O)(CC(Cc1onc(c1)-c1ccccc1)C(O)=O)[C@@H]1N(CCC1)C(=O)[C@@H](NC(=O)C)CC(C)C,44450312,1
148,P(O)(=O)([C@H](NC(=O)[C@@H](NC(=O)C)CC(C)C)Cc1ccccc1)C[C@@H](Cc1ccccc1)C(O)=O,24827784,1
149,P(O)(=O)(C[C@@H](Cc1ccccc1)C(O)=O)[C@@H]1N(CCC1)C(=O)[C@@H](NC(=O)C)Cc1ccccc1,24827658,1
150,P(O)(=O)(C[C@@H](Cc1ccccc1)C(O)=O)[C@@H]1N(CCC1)C(=O)[C@@H](NC(=O)C)CCC(O)=O,24827440,1
151,SC[C@H](NC(=O)[C@@H](NC(=O)[C@@H](NC(=O)[C@@H](NC(=O)[C@H](NC(=O)CN)CC(O)=O)Cc1ccc(O)cc1)CO)Cc1[nH]cnc1)C(=O)N[C@H](C(=O)N1CCC[C@H]1C(=O)N[C@@H](CC(C)C)C(=O)N[C@@H](CCCNC(N)=N)C(=O)N[C@@H](Cc1ccc(O)cc1)C(=O)N[C@@H](Cc1ccc(O)cc1)C(=O)N1CCC[C@H]1C(=O)N[C@@H](Cc1c2c([nH]c1)cccc2)C(=O)N[C@@H](Cc1c2c([nH]c1)cccc2)C(=O)N[C@@H](CCCCN)C(=O)N[C@H](C(=O)N[C@@H]([C@H](O)C)C(=O)N[C@@H](Cc1ccc(O)cc1)C(=O)N1CCC[C@H]1C(=O)N[C@@H](CC(O)=O)C(=O)N1CCC[C@H]1C(O)=O)CS)CO,52946818,1
152,SC[C@@H](Cc1ccccc1)C(=O)NCC(O)=O,4369380,1
153,OC(=O)[C@H]1N(CCC1)C(=O)[C@@H](NC(=O)[C@@H](N)Cc1ccccc1)C,9840601,1
154,O=C1N[C@@H](CC1)C(=O)N[C@@H](Cc1c2c([nH]c1)cccc2)C(=O)N1CCC[C@H]1C(=O)N[C@@H](CCCN=C(N)N)C(=O)N1CCC[C@H]1C(=O)N[C@@H](CCC(=O)N)C(=O)N[C@@H]([C@H](CC)C)C(=O)N1CCC[C@H]1C(=O)N1CCC[C@H]1C(O)=O,443376,1
155,O=C1N[C@@H](CC1)C(=O)N[C@@H](CCCCN)C(=O)N[C@@H](Cc1c2c([nH]c1)cccc2)C(=O)N[C@H](C(=O)N1CCC[C@H]1C(O)=O)C,5748613,1
156,OC(=O)[C@H]1N(CCC1)C(=O)CNC(=O)[C@@H](N)Cc1ccccc1,11989733,1
157,O=C(NC(Cc1ccccc1)C(=O)CCC(=O)N1CCCC1c1nn[nH]n1)c1ccccc1,44266856,1
158,FC(F)(F)C(O)=O.OC(=O)C1N(CCC1)C(=O)CCC(=O)C(NC(=O)C(NC(=O)C1CCC1)CCCCN)Cc1ccccc1,44266590,1
159,FC(F)(F)C(O)=O.O=C(NC(CCCCN)C(=O)NC(Cc1ccccc1)C(=O)CCC(=O)N1CCCC1C(=O)NO)C1CCC1,44266842,1
160,O=C(NO)C1N(CCC1)C(=O)CCC(=O)C(NC(=O)c1ccccc1)Cc1ccccc1,44266803,1
161,OC(=O)[C@H]1N(CCC1)C(=O)CCC(=O)C(NC(=O)c1ccccc1)Cc1ccccc1,12854254,1
162,FC(F)(F)C(O)=O.OC(=O)C1N(CCC1)C(=O)C(CC(=O)C(NC(=O)C(NC(=O)C1CCC1)CCCCN)Cc1ccccc1)C,44266572,1
163,OC(=O)[C@@H](NC(=O)[C@@H](N)C(C)C)Cc1c2c([nH]c1)cccc2,168182,1
164,O=C1N(C(=O)[C@@H](N[C@@H](CCCCCCCC)C(O)=O)CC)[C@@H](CN1Cc1ccccc1)C(O)=O,13456394,1
165,O=C1N(C(=O)[C@@H](N[C@@H](CCc2ccccc2)C(OCC)=O)C)[C@@H](CN1C)C(O)=O,5464343,1
166,O=C1N(C(=O)[C@@H](N)C)[C@@H](CN1C)C(O)=O,44331737,1
167,O=C1N(C(=O)[C@@H](N)C)[C@@H](CN1Cc1ccccc1)C(O)=O,44331738,1
168,O=C1NC[C@H](N1C(=O)[C@@H](N[C@@H](CCc1ccccc1)C(O)=O)C)C(O)=O,44331702,1
169,O=C1N(C(=O)[C@@H](N[C@@H](CC(C)C)C(O)=O)C)[C@@H](CN1Cc1ccccc1)C(O)=O,13456380,1
170,O=C1N(C(=O)[C@@H](N[C@@H](CCc2ccccc2)C(O)=O)C)[C@@H](CN1C)C(O)=O,5464344,1
171,O=C1N(C(=O)[C@H](N[C@@H](CCc2ccccc2)C(O)=O)C)[C@@H](CN1Cc1ccccc1)C(O)=O,13456346,1
172,O=C1N(C(=O)[C@@H](N[C@@H](CCCCCCCC)C(O)=O)C)[C@@H](CN1Cc1ccccc1)C(O)=O,13456375,1
173,O=C1N(C(=O)[C@@H](N[C@@H](CCCCCCCC)C(OCC)=O)C)[C@@H](CN1C)C(O)=O,13456353,1
174,O=C1N(C(=O)[C@@H](N[C@@H](CCc2ccccc2)C(OCC)=O)C)[C@@H](CN1Cc1ccccc1)C(O)=O,13456371,1
175,O=C1N(C(=O)[C@@H](N[C@@H](CCC(C)C)C(O)=O)C)[C@@H](CN1Cc1ccccc1)C(O)=O,13456384,1
176,O=C1N(C(=O)[C@@H](N[C@@H](CCc2ccccc2)C(O)=O)C)[C@@H](CN1CCCC)C(O)=O,13456423,1
177,O=C1N(C(=O)[C@@H](N[C@@H](CCCCCCCC)C(OCC)=O)C)[C@@H](CN1Cc1ccccc1)C(O)=O,13477728,1
178,O=C1N(C(=O)[C@@H](N[C@@H](CCc2ccccc2)C(O)=O)CC)[C@@H](CN1Cc1ccccc1)C(O)=O,13456404,1
179,O=C1N(C(=O)[C@@H](N[C@@H](CCc2ccccc2)C(O)=O)C)[C@@H](CN1Cc1ccccc1)C(O)=O,13456344,1
180,O=C1N(C(=O)[C@@H](N[C@@H](Cc2ccccc2)C(O)=O)C)[C@@H](CN1Cc1ccccc1)C(O)=O,13456389,1
181,O=C1N(C(=O)[C@H](N[C@@H](CCCCCCCC)C(O)=O)C)[C@@H](CN1C)C(O)=O,13456368,1
182,O=C1N(C(=O)[C@@H](N[C@@H](CCCCCCCC)C(O)=O)C)[C@@H](CN1C)C(O)=O,13456366,1
183,O=C1N(C(=O)[C@@H](N[C@@H](CCCCCCCC)C(O)=O)CC)[C@@H](CN1C)C(O)=O,13456399,1
184,S(Cc1cc(C)c(cc1)C)C[C@@H](NC(=O)[C@H](Cc1ccccc1)CS)C(O)=O,10093438,1
185,S(Cc1ccc(cc1)C)C[C@@H](NC(=O)[C@@H](Cc1cc2c(cc1)cccc2)CS)C(O)=O,44461318,1
186,S(Cc1ccc(OC)cc1)C[C@@H](NC(=O)[C@@H](Cc1ccccc1)CS)C(O)=O,44461233,1
187,S1C[C@H](NC(=O)[C@@H](S)Cc2ccccc2)C(=O)N(c2c1cccc2)CC(O)=O,15380813,1
188,O=C1N(Cc2c(CC1N[C@H](CCc1ccccc1)C(O)=O)cccc2)CC(O)=O,44336332,1
189,SC[C@@H](Cc1ccccc1)C(=O)N[C@H]1CCc2c(N(CC(O)=O)C1=O)cccc2,10047309,1
190,SC[C@@H](Cc1ccccc1)C(=O)N[C@H]1COc2c(N(CC(O)=O)C1=O)cccc2,15380820,1
191,S1C[C@H](NC(=O)[C@@H](S)Cc2ccccc2)C(=O)N(c2c1cccc2)CCC(O)=O,44295879,1
192,SC[C@@H](Cc1ccccc1)C(=O)N[C@H]1CCc2c(N(CCC(O)=O)C1=O)cccc2,44295891,1
193,S[C@@H](Cc1ccccc1)C(=O)N[C@H]1CCc2c(N(CCC(O)=O)C1=O)cccc2,44295892,1
194,S[C@@H](Cc1ccccc1)C(=O)N[C@H]1[C@H](Oc2c(N(CC(O)=O)C1=O)cccc2)C,44296036,1
195,S[C@@H](Cc1ccccc1)C(=O)N[C@H]1COc2c(N(CCC(O)=O)C1=O)cccc2,44296037,1
196,SC[C@@H](Cc1ccccc1)C(=O)N[C@H](C(=O)N1CCC[C@H]1C(O)=O)C,14390729,1
197,S[C@@H](Cc1ccccc1)C(=O)N[C@H]1CCc2c(N(CC(O)=O)C1=O)cccc2,9801007,1
198,S1C[C@H](NC(=O)[C@H](Cc2ccccc2)CS)C(=O)N(c2c1cccc2)CC(O)=O,15380810,1
199,S[C@@H](Cc1ccccc1)C(=O)N[C@H]1COc2c(N(CC(O)=O)C1=O)cccc2,15380821,1
200,S[C@@H](Cc1ccccc1)C(=O)N[C@H](C(=O)N1CCC[C@H]1C(O)=O)C,9998020,1
201,S[C@@H](Cc1ccccc1)C(=O)N[C@H]1[C@@H](Oc2c(N(CC(O)=O)C1=O)cccc2)C,44295893,1
202,S[C@@H](Cc1ccccc1)C(=O)N[C@H]1[C@H](Oc2c(N(CCC(O)=O)C1=O)cccc2)C,44296019,1
203,SCC(NC(=O)N[C@H]1C[C@H](N(C1)C(=O)[C@@H](N[C@@H](CCc1ccccc1)C(O)=O)C)C(O)=O)Cc1ccccc1,44323100,1
204,SCC(Cc1ccccc1)C(=O)N[C@@H]1C[C@H](N(C1)C(=O)[C@@H](N[C@@H](CCc1ccccc1)C(O)=O)C)C(O)=O,44323101,1
205,SCC(Cc1ccccc1)C(=O)N[C@H]1C[C@H](N(C1)C(=O)[C@@H](N[C@@H](CCc1ccccc1)C(O)=O)C)C(O)=O,44323117,1
206,SCC(Cc1ccccc1)C(=O)N[C@H]1C[C@H](N(C1)C(=O)[C@@H](CS)C)C(O)=O,9822849,1
207,S[C@@H](Cc1ccccc1)C(=O)N[C@H]1CCCNN(CC(O)=O)C1=O,44305140,1
208,SCC(NC(O[C@@H]1C[C@H](N(C1)C(=O)[C@@H](N[C@@H](CCc1ccccc1)C(O)=O)C)C(O)=O)=O)Cc1ccccc1,44323123,1
209,S[C@@H](Cc1ccccc1)C(=O)N[C@H]1CCC(=O)N2N([C@@H](CC2)C(O)=O)C1=O,44305173,1
210,SCC(NC(=O)N[C@H]1C[C@H](N(C1)C(=O)[C@@H](CS)C)C(O)=O)Cc1ccccc1,44323191,1
211,S[C@@H](Cc1ccccc1)C(=O)N[C@H]1CCC(=O)N2N([C@@H](CCC2)C(O)=O)C1=O,44305193,1
212,SCC(Cc1ccccc1)C(=O)N[C@@H]1C[C@H](N(C1)C(=O)[C@@H](CS)C)C(O)=O,44323192,1
213,S[C@@H](Cc1ccccc1)C(=O)N[C@H]1CCCN(N(CC(O)=O)C1=O)CCC,44305131,1
214,SCC(Cc1ccc(cc1)-c1ccccc1)C(=O)N[C@H]1C[C@H](N(C1)C(=O)[C@@H](CS)C)C(O)=O,44323289,1
215,S[C@@H](Cc1ccccc1)C(=O)N[C@H]1CCC(=O)N(N(CC(O)=O)C1=O)CCC,44305132,1
216,S[C@@H](Cc1ccccc1)C(=O)N[C@H]1CCC(=O)N(N(CC(O)=O)C1=O)C,44305391,1
217,S[C@@H](Cc1ccccc1)C(=O)N[C@H]1CCCN(N(CC(O)=O)C1=O)C,44305121,1
218,S[C@@H](Cc1ccccc1)C(=O)N[C@H]1CCCN2N([C@@H](CCC2)C(O)=O)C1=O,44305370,1
219,S[C@@H](Cc1ccccc1)C(=O)N[C@H]1CCCN2N([C@@H](CC2)C(O)=O)C1=O,44305372,1
220,SCC(Cc1ccccc1)C(=O)NCC(O)=O,3132,1
221,P(O)(=O)(NC(C(=O)N1CCCC1C(O)=O)C)CCc1ccccc1,14212863,1
222,SCN1C(=O)N2N(CC=CC2C(O)=O)C1=O,13144519,1
223,OC(=O)C1N(CCC1)C(=O)C(NC(CCc1c2c(ccc1)cccc2)C(O)=O)C,44337754,1
224,P(OC(C(=O)N1CCCC1C(O)=O)C)(O)(=O)C(NC(=O)c1ccccc1)CCc1ccccc1,13335293,1
225,OC(=O)C1N(CCC1)C(=O)CCC(=O)C(NC(=O)c1ccccc1)Cc1ccccc1,335542,1
226,O=C1N(c2c(CCC1NC(CCc1ccccc1)C(O)=O)cccc2)CC(O)=O,10475845,1
227,P(O)(O)(=O)NC(C(=O)C1CCCC1C(O)=O)C,44337491,1
228,S1CC(N2C1CCCC(NC(CCc1ccccc1)C(O)=O)C2=O)C(O)=O,13241661,1
229,S1CCSC12C[C@H](N(C2)C(=O)[C@@H](N[C@@H](CCc1ccccc1)C(O)=O)C)C(O)=O,3033702,1
230,OC(=O)C1N(CCC1)C(=O)C(NC(CCc1ccccc1)C(O)=O)CCCCN,3937,1
231,S1CCSC12C[C@H](N(C2)C(=O)[C@@H](N[C@@H](CCc1ccccc1)C(OCC)=O)CCCCN)C(O)=O,14540994,1
232,S1CCSC12C[C@H](N(C2)C(=O)[C@@H](N[C@@H](CCc1ccccc1)C(O)=O)CCCCN)C(O)=O,14540996,1
233,OC(=O)C1N(CCC1)C(=O)C(NC(CCC(C)C)C(O)=O)C,20445899,1
234,S(C(=O)c1ccccc1)C1CCCC1C(=O)N1CCCC1C(O)=O,20430909,1
235,SCC(C(=O)N1c2c(CC1C(O)=O)cccc2)C,494324,1
236,SC[C@@H](C(=O)N1c2c(C[C@H]1C(O)=O)cccc2)C,22818650,1
237,S1C[C@H](NC(CCc2ccccc2)C(O)=O)C(=O)N(c2c1cccc2)CC(O)=O,13375125,1
238,S\C=C/C(=O)C1C[C@@H](CC1)C(O)=O,44352086,1
239,O=C1N2N(CC=CC2C(O)=O)C(=O)N1CC(O)=O,20557515,1
240,OC(=O)[C@H]1N(CCC1)C(=O)[C@@H](N[C@](CCc1ccccc1)(C(O)=O)C)C,71718514,1
241,Ic1ccc(NC(=O)CCC(NC(C(=O)N2CCCC2C(O)=O)C)C(O)=O)cc1,44337769,1
242,S1CC(N(C(=O)CCS)C1c1ccccc1O)C(O)=O,122113,1
243,SCCC(=O)N1CCC[C@@H]1C(O)=O,44317006,1
244,SC1CCCC1C(=O)N1CCCC1C(O)=O,20430913,1
245,SCC(C(=O)N1C(CCC1=O)C(O)=O)C,23330158,1
246,SC[C@H](C(=O)N1[C@@H](CCC1=O)C(O)=O)C,44317203,1
247,P(OC1OC(C)C(O)C(O)C1O)(O)(=O)NC(CC(C)C)C(=O)NC(Cc1c2c([nH]c1)cccc2)C(O)=O,4802,1
248,S1C[C@H](N2C1CCC[C@H](NC(CCc1ccccc1)C(O)=O)C2=O)C(O)=O,44352073,1
249,OC=1C=C(CCC(O)=O)C(=O)N2C=1CCC2C(O)=O,137365,1
250,OC(=O)[C@H]1N(CCC1)C(=O)[C@@H](NC(=O)[C@@H](NC(=O)c1ccccc1)Cc1ccccc1)C,114973,1
251,S1CCSC12CC(N(C2)C(=O)CP(O)(=O)CCCCc1ccccc1)C(O)=O,13136851,1
252,O=C1N(CC(O)=O)C(CCCC1NC(CCc1ccccc1)C(O)=O)C,13749504,1
253,SC1CCCCC1C(=O)NC(C(=O)N1CCCC1C(O)=O)C,13652520,1
254,SC1CCC1C(=O)N1CCCC1C(O)=O,20430901,1
255,SCC1(C)C(=O)N2N(CCCC2C(O)=O)C1=O,13144530,1
256,SCC1CC(=O)N2N(C1=O)C(CCC2)C(O)=O,13144539,1
257,OC(=O)[C@H]1N(CCC1)C(=O)[C@@H](N[C@@H](C[C@@H](NC(=O)c1ccccc1)Cc1ccccc1)C(O)=O)C,54560245,1
258,O=C1N[C@@H](CC1)C(=O)N[C@@H](CCCCN)C(=O)N[C@@H](Cc1ccccc1)C(=O)N[C@H](C(=O)N1CCC[C@H]1C(O)=O)C,10393285,1
259,OC(=O)C1N(CCC1)C(=O)C(NC(C(O)=O)C1N(CCC1)C(=O)NC(Cc1ccccc1)C(O)=O)C,44358282,1
260,OC(=O)[C@H]1N(CCC1)C(=O)[C@@H](N[C@@H](CNC(=O)c1ccccc1)C(O)=O)C,54082602,1
261,OC(=O)[C@H]1N(CCC1)C(=O)[C@@H](N[C@H](C(O)=O)[C@H]1NCCC1)C,54395218,1
262,OC(=O)C1N(CCC1)C(=O)C(NC(C(O)=O)C1N(CCC1)C(=O)NC(Cc1ccccc1)C(=O)NC(Cc1ccccc1)C(O)=O)C,44358246,1
263,O=C1N(C(=O)C(NC(=O)N2CCCC2C(NC(C(=O)N2CCCC2C(O)=O)C)C(O)=O)CCCCN)C(CC1)C(O)=O,44358261,1
264,OC(=O)C1N(CCC1)C(=O)C(NC(C(O)=O)C1N(CCC1)C(=O)C)C,44358439,1
265,OC(=O)[C@H]1N(CCC1)C(=O)[C@@H](N[C@H]([C@@H](NC(=O)c1ccccc1)Cc1ccccc1)C(O)=O)C,71449056,1
266,SC(Cc1ccccc1)(C(=O)N[C@H]1CCc2c(N(CC(O)=O)C1=O)cccc2)C,44295920,1
267,OC(=O)C1N(CCC1)C(=O)C(NC(C(O)=O)C1N(CCC1)C(=O)c1ccccc1)C,44358418,1
268,S[C@@H](Cc1ccccc1)C(=O)N[C@H]1Cc2c(CN(CC(O)=O)C1=O)cccc2,15838528,1
269,OC(=O)C1N(CCC1)C(=O)C(NC(C(O)=O)C1N(CCC1)C(=O)NCC(O)=O)C,44358438,1
270,S[C@@H](Cc1ccccc1)C(=O)N[C@@H]1CCc2c(N(CC(O)=O)C1=O)cccc2,15380816,1
271,S[C@@H](CC1CCCCC1)C(=O)N[C@H]1CCc2c(N(CC(O)=O)C1=O)cccc2,44295979,1
272,S[C@@H](CCCC)C(=O)N[C@H]1CCc2c(N(CC(O)=O)C1=O)cccc2,44295958,1
273,OC(=O)[C@H]1N(CCC1)C(=O)[C@@H](NC(CNC(=O)c1ccccc1)C(O)=O)C,71449055,1
274,OC(=O)[C@H]1N(CCC1)C(=O)[C@@H](N[C@H](C[C@@H](NC(=O)c1ccccc1)Cc1ccccc1)C(O)=O)C,71454428,1
275,S[C@@H](Cc1ccccc1)C(=O)NC1CCCc2c(N(CC(O)=O)C1=O)cccc2,15838530,1
276,S[C@@H](Cc1ccccc1)C(=O)N[C@H]1CCCCN(CC(O)=O)C1=O,11792153,1
277,S[C@H](Cc1ccccc1)C(=O)N[C@H]1CCc2c(N(CC(O)=O)C1=O)cccc2,15380817,1
278,OC(=O)[C@H]1N(CCC1)C(=O)[C@@H](N[C@@H]([C@@H](NC(=O)c1ccccc1)Cc1ccccc1)C(O)=O)C,54039314,1
279,O=C1N(CCCCCC1NC(CCc1ccccc1)C(O)=O)CC(O)=O,23322524,1
280,O=C1N(CCCCCCC1NC(CCc1ccccc1)C(O)=O)CC(O)=O,13608331,1
281,S[C@@H](CC(C)C)C(=O)N[C@H]1CCc2c(N(CC(O)=O)C1=O)cccc2,44295939,1
282,S[C@H](C(=O)N[C@H]1CCc2c(N(CC(O)=O)C1=O)cccc2)C,44295941,1
283,O=C1N(CCCCC1NC(CCc1ccccc1)C(O)=O)CC(O)=O,13749498,1
284,S[C@@H](Cc1ccccc1)C(=O)N[C@H](C(=O)N(CC(O)=O)c1ccccc1)C,44295966,1
285,O=C1N(CCCC1NC(CCc1ccccc1)C(O)=O)CC(O)=O,44321532,1
286,O=C1N(CCC1NC(CCc1ccccc1)C(O)=O)CC(O)=O,44321145,1
287,O=C1N(CCCCC[C@@H]1N[C@@H](CCc1ccccc1)C(O)=O)CC(O)=O,54311655,1
288,O=C1N(CCCCC[C@H]1N[C@H](CCc1ccccc1)C(O)=O)CC(O)=O,118718824,1
289,OC(=O)[C@H]1N(Cc2c(C1)cccc2)C(=O)[C@@H](N[C@@H](CCc1ccccc1)C(O)=O)C,107994,1
290,OC(=O)[C@H]1N(CCC1)C(=O)[C@@H](N)C,83525,1
291,O(CC)C(=O)[C@@H](N[C@H](C(=O)N1Cc2c(C[C@H]1C(O)=O)cccc2)C)CCc1ccccc1,54892,1
292,O=C1N(c2c(CC[C@@H]1N[C@@H](CC(C)C)C(O)=O)cccc2)CC(O)=O,13500790,1
293,O=C1N(c2c(CC[C@@H]1N[C@@H](Cc1c3c([nH]c1)cccc3)C(O)=O)cccc2)CC(O)=O,44288065,1
294,O=C1N(c2c(CC[C@@H]1N[C@@H](CCCCNC(OC(C)(C)C)=O)C(O)=O)cccc2)CC(O)=O,13500754,1
295,O=C1N(c2c(CC[C@@H]1N[C@@H](CCCC)C(O)=O)cccc2)CC(O)=O,13500795,1
296,O=C1N(c2c(CC[C@@H]1N[C@@H](CCCC)C(OCC)=O)cccc2)CC(O)=O,13500798,1
297,O=C1N(c2c(CC[C@@H]1N[C@@H](Cc1c3c([nH]c1)cccc3)C(OCC)=O)cccc2)CC(O)=O,13500788,1
298,O=C1N(c2c(CC[C@@H]1N[C@@H](Cc1ccccc1)C(O)=O)cccc2)CC(O)=O,13500778,1
299,O=C1N(c2c(CC[C@@H]1N[C@@H](CCC)C(O)=O)cccc2)CC(O)=O,13500805,1
300,S(CC[C@H](N[C@H]1CCc2c(N(CC(O)=O)C1=O)cccc2)C(O)=O)C,13500800,1
301,S(Cc1ccccc1)C[C@H](N[C@H]1CCc2c(N(CC(O)=O)C1=O)cccc2)C(O)=O,13500765,1
302,S(C[C@H](N[C@H]1CCc2c(N(CC(O)=O)C1=O)cccc2)C(O)=O)c1ccccc1,13500773,1
303,S(CCc1ccccc1)C[C@H](N[C@H]1CCc2c(N(CC(O)=O)C1=O)cccc2)C(O)=O,13500770,1
304,O=C1N(c2c(CC[C@@H]1N[C@@H](CCCCNC(OCc1ccccc1)=O)C(O)=O)cccc2)CC(O)=O,13339952,1
305,O=C1N(c2c(CC[C@@H]1N[C@@H](CCCCNC(OCc1ccccc1)=O)C(OCC)=O)cccc2)CC(O)=O,13500752,1
306,O=C1N(c2c(CC[C@@H]1N[C@@H](CCCCN)C(O)=O)cccc2)CC(O)=O,71320,1
307,O=C1N(c2c(CC[C@@H]1N[C@@H](CC(C)C)C(OC)=O)cccc2)CC(O)=O,13500793,1
308,O=C1N(c2c(CC[C@@H]1N[C@H](C(O)=O)COCc1ccccc1)cccc2)CC(O)=O,18601751,1
309,O=C1N(c2c(CC[C@@H]1N[C@@H](CCCCN)C(OCC)=O)cccc2)CC(O)=O,13500748,1
310,SC[C@@H]1Cc2c(CCCCC[C@H](NC1=O)C(O)=O)cccc2,10496022,1
311,SC[C@H]1CCCCCc2c(C[C@@H](NC1=O)C(O)=O)cccc2,44364906,1
312,SC[C@H](C(=O)N1Cc2[nH]c3c(c2CC1C(O)=O)cccc3)C,44365196,1
313,SC[C@H]1Cc2c(CCCCC[C@H](NC1=O)C(O)=O)cccc2,10829618,1
314,SC[C@H]1CCCCCCc2c(C[C@@H](NC1=O)C(O)=O)cccc2,44364917,1
315,SC[C@@H]1Cc2cc(CCCCC[C@H](NC1=O)C(O)=O)ccc2,10710922,1
316,P(O)(=O)(N[C@H](C(=O)N1CCC[C@H]1C(O)=O)C)CCc1ccccc1,14212864,1
317,SC[C@H]1CCCCCCc2c(C[C@H](NC1=O)C(O)=O)cccc2,10664538,1
318,P(O)(O)(=O)N[C@H](C(=O)N1CCC[C@H]1C(O)=O)C,5490790,1
319,SC[C@H]1Cc2cc(CCCCCC[C@H](NC1=O)C(O)=O)ccc2,9840687,1
320,SC[C@H]1Cc2cc(CCCCC[C@H](NC1=O)C(O)=O)ccc2,10041763,1
321,SC[C@@H]1Cc2cc(CCCCCC[C@H](NC1=O)C(O)=O)ccc2,10759255,1
322,Oc1ccc(cc1)C[C@H](NC(=O)[C@@H](N)[C@H](CC)C)C(O)=O,7408195,1
323,OC(=O)[C@@H]1N(CCC1)C(=O)[C@@H](NC(=O)[C@@H](N)CCCC)C,44352399,1
324,OC(=O)[C@@H]1N(CCC1)C(=O)[C@@H](NC(=O)[C@@H](N)CC(C)C)C,7408255,1
325,OC(=O)[C@@H]1N(CCC1)C(=O)[C@@H](NC(=O)[C@@H](N)CCCN=C(N)N)C,44352485,1
326,OC(=O)[C@@H]1N(CCC1)C(=O)[C@@H](NC(=O)[C@@H](N)Cc1ccccc1)C,44352389,1
327,SCN[C@H](C(=O)N1CCC[C@H]1C(O)=O)C,44379187,1
328,OC(=O)[C@H]1N(CCC1)C(=O)[C@H]1N(CCC1)C(=O)[C@@H](NC(=O)[C@@H](NC(=O)[C@H]1N(CCC1)C(=O)[C@@H](NC(=O)[C@H]1N(CCC1)C(=O)[C@@H](NC(=O)[C@@H](N)CCC(O)=O)Cc1c2c([nH]c1)cccc2)CCCN=C(N)N)CCC(=O)N)[C@H](CC)C,44346192,1
329,S([C@@H](C(=O)N1[C@H]([C@H](C[C@H]1C(O)=O)C(O)=O)c1ccccc1)C)C(=O)C,54587395,1
330,O=C1N2[C@H](CCC[C@H]2C(O)=O)c2c(CC1NC(CCc1ccccc1)C(O)=O)cccc2,44365739,1
331,Oc1ccc(cc1)C[C@H](NC(=O)[C@@H](N)C(C)C)C(O)=O,7009555,1
332,OC(=O)[C@@H](NC(=O)[C@@H](N)CCCN=C(N)N)Cc1c2c([nH]c1)cccc2,7009653,1
333,OC(=O)[C@@H](NC(=O)[C@@H](N)[C@H](CC)C)Cc1c2c([nH]c1)cccc2,7019085,1
334,OC(=O)[C@@H](NC(=O)[C@@H](N)C)Cc1c2c([nH]c1)cccc2,85362,1
335,OC(=O)[C@@H](NC(=O)CN)Cc1c2c([nH]c1)cccc2,92181,1
336,SCC(C(=O)N[C@@H](Cc1c2c([nH]c1)cccc2)C(O)=O)C,22824107,1
337,SC(C(=O)N[C@@H](Cc1c2c([nH]c1)cccc2)C(O)=O)C,22799800,1
338,S1CCSC12C[C@H](N(C2)C(=O)[C@@H](OP(O)(=O)CCCCc1ccccc1)CCCCN)C(O)=O,14630765,1
339,P(O[C@@H](CCCCN)C(=O)N1C[C@@H](C[C@H]1C(O)=O)C1CCCCC1)(O)(=O)CCCCc1ccccc1,14630734,1
340,P(O[C@@H](CCCCN)C(=O)N(CC(O)=O)c1ccccc1)(O)(=O)CCCCc1ccccc1,14630789,1
341,P(O[C@@H](CCCCN)C(=O)N1CCC[C@H]1C(O)=O)(O)(=O)CCCCc1ccccc1,189729,1
342,P(O[C@@H](CCCCN)C(=O)N1C[C@H](C[C@H]1C(O)=O)c1ccccc1)(O)(=O)CCCCc1ccccc1,14630739,1
343,SCCC(=O)N1CC=C[C@H]1C(O)=O,44316511,1
344,OC=1C=C(CCC(O)=O)C(=O)N2C=1CC[C@H]2C(O)=O,11119038,1
345,SCCC(=O)N[C@H](C(O)=O)C,13036940,1
346,SCCC(=O)NCC(O)=O,165505,1
347,SCC[C@@]1(C)C(=O)N2N(CC=C[C@H]2C(O)=O)C1=O,44316799,1
348,SCC(=O)N[C@H](C(O)=O)CS,12876150,1
349,OC(=O)[C@H]1N([C@@H]2[C@H](C1)CCCC2)C(=O)CC[C@@H](NC(=O)[C@@H](N)Cc1ccccc1)C(O)=O,44316995,1
350,OC(=O)[C@H]1N([C@@H]2[C@H](C1)CCCC2)C(=O)CC[C@@H](NC(=O)C(N)Cc1ccccc1)C(O)=O,44316996,1
351,SC[C@@H](C(=O)N1CCC[C@@H]1C(O)=O)C,446549,1
352,SCC(=O)N[C@@H](Cc1c2c([nH]c1)cccc2)C(O)=O,44317007,1
353,SC(C(=O)N[C@@H](Cc1c2c([nH]c1)cccc2)C(O)=O)(C)C,44317041,1
354,S1CCSC12C[C@H](N(C2)C(=O)CP(O)(=O)CCCCc1ccccc1)C(O)=O,13136852,1
355,S([C@H]1C[C@H](N(C1)C(=O)[C@@H](OP(O)(=O)CCCCc1ccccc1)CCCCN)C(O)=O)c1ccccc1,14630751,1
356,P(O[C@@H](CCCCN)C(=O)N(CC(O)=O)c1cc2OCOc2cc1)(O)(=O)CCCCc1ccccc1,14630801,1
357,OC(=O)[C@H]1N(CCC1)C(=O)CCC(O)=O,194156,1
358,OC(=O)[C@H]1N([C@@H]2[C@H](C1)CCCC2)C(=O)CC[C@@H](NC(=O)C(N)CCCCN)C(O)=O,44317098,1
359,P(OCc1ccccc1)(O)(=O)N[C@H](C(=O)N1CCC[C@H]1C(O)=O)C,44280449,1
360,SCC1CCCCC(C(C(O)=O)C)C1=O,44317122,1
361,OC(=O)[C@H]1N(CCC1)C(=O)[C@@H](CCC(O)=O)C,44317192,1
362,OC(=O)[C@H]1N(CCC1)C(=O)[C@@H](CC(O)=O)C,44317193,1
363,SC1CCCC1C(=O)N1CCC[C@H]1C(O)=O,44317202,1
364,OC(=O)[C@H]1N(CCC1)C(=O)[C@@H](NCCCc1ccccc1)C,44317255,1
365,SCCC(=O)N1CCC[C@H]1C(OC(C)(C)C)=O,13208321,1
366,SCCC(=O)N[C@@H](Cc1c2c([nH]c1)cccc2)C(O)=O,44316727,1
367,S(C)[C@@H]1C[C@H](N(C1)C(=O)[C@@H](OP(O)(=O)CCCCc1ccccc1)CCCCN)C(O)=O,14630755,1
368,S(C)[C@H]1C[C@H](N(C1)C(=O)[C@@H](OP(O)(=O)CCCCc1ccccc1)CCCCN)C(O)=O,14630757,1
369,S(C)C1(SC)C[C@H](N(C1)C(=O)[C@@H](OP(O)(=O)CCCCc1ccccc1)CCCCN)C(O)=O,14630761,1
370,P(O[C@@H](CCCCN)C(=O)N(CC(O)=O)c1cc(OC)c(OC)cc1)(O)(=O)CCCCc1ccccc1,14630797,1
371,O=C1N2N(CC=C[C@H]2C(O)=O)C(=O)N1CCC(O)=O,13144525,1
372,P(O)(O)(=O)CCC(=O)N1CCC[C@H]1C(O)=O,44316777,1
373,P(O)(=O)(C(NC(=O)c1ccccc1)CCc1ccccc1)CC(=O)N1CCC[C@H]1C(O)=O,13104362,1
374,O(Cc1ccccc1)C(=O)NCCCC(N[C@H](C(=O)N1CCC[C@H]1C(O)=O)C)C(O)=O,44316798,1
375,OC(=O)[C@H]1N(CCC1)C(=O)[C@@H](NC(CCN)C(O)=O)C,44316829,1
376,OC(=O)[C@H]1N(CCC1)C(=O)[C@@H](NC(CCc1ccccc1)C(O)=O)CCCN,44316851,1
377,P(O)(=O)(CC(NC(=O)c1ccccc1)Cc1ccccc1)CC(=O)N1CCC[C@H]1C(O)=O,13588381,1
378,O(Cc1ccccc1)C(=O)N1CCCC1C(=O)N[C@H](CCC(=O)N1[C@@H]2[C@H](C[C@H]1C(O)=O)CCCC2)C(O)=O,44317022,1
379,O(Cc1ccccc1)C(=O)NC(Cc1ccccc1)C(=O)N[C@H](CCC(=O)N1c2c(C[C@H]1C(O)=O)cccc2)C(O)=O,44317024,1
380,O(Cc1ccccc1)C(=O)NC(CCCCN)C(=O)N[C@H](CCC(=O)N1c2c(C[C@H]1C(O)=O)cccc2)C(O)=O,44317066,1
381,OC(=O)[C@H]1N(CCC1)C(=O)[C@@H](NC(CCc1ccccc1)C(=O)N)C,44317085,1
382,SCCC(=O)N[C@H](C(=O)N1CCC[C@H]1C(O)=O)C,44317099,1
383,OC(=O)[C@H]1N(c2c(C1)cccc2)C(=O)[C@@H](CC(CCc1ccccc1)C(O)=O)C,44317123,1
384,O=C1N(CC(O)=O)[C@@H](CCCC1NC(CCc1ccccc1)C(O)=O)C,44317125,1
385,O=C1N2N(CC[C@@H]1NC(CCc1ccccc1)C(O)=O)CCC[C@H]2C(O)=O,44317140,1
386,SC[C@H](C(=O)N1Cc2c(C[C@H]1C(O)=O)cccc2)C,12942868,1
387,SCCC(=O)CCC(O)=O,20336735,1
388,Oc1ccc(cc1)CCC(N[C@H](C(=O)N1CCC[C@H]1C(O)=O)C)C(O)=O,44317244,1
389,P(O[C@@H](CCCCN)C(=O)N1C[C@@H](O)C[C@H]1C(O)=O)(O)(=O)CCCCc1ccccc1,14630771,1
390,P(O[C@@H](CCCCN)C(=O)N1C[C@@H](C[C@H]1C(O)=O)c1ccccc1)(O)(=O)CCCCc1ccccc1,14630741,1
391,P(O[C@@H](CCCCN)C(=O)N(CC(O)=O)C1CCCCC1)(O)(=O)CCCCc1ccccc1,14630782,1
392,P(O[C@@H](CCCCN)C(=O)N1c2c(C[C@H]1C(O)=O)cccc2)(O)(=O)CCCCc1ccccc1,3082827,1
393,P(O[C@@H](CCCCN)C(=O)N1C[C@H](C[C@H]1C(O)=O)C1CCCCC1)(O)(=O)CCCCc1ccccc1,14630735,1
394,OC(=O)[C@H]1N(CCC1)C(=O)[C@@H](NCC(O)=O)C,44306009,1
395,SCCC(=O)N([C@@H](Cc1ccccc1)C(O)=O)C,44316498,1
396,SCCC(OC(Cc1ccccc1)C(O)=O)=O,13687301,1
397,OC(=O)[C@H]1N(CCC1)C(=O)[C@@H](NC(C(O)=O)C1N(CCC1)C(=O)c1ccccc1)C,44316769,1
398,P(O)(O)(=O)CC(=O)N1CCC[C@H]1C(O)=O,44316778,1
399,OC(=O)[C@H]1N(CC2C1CCCC2)C(=O)[C@@H](NC(CCc1ccccc1)C(O)=O)C,44316862,1
400,SCCC(=O)N(CC(O)=O)C,13036947,1
401,O(Cc1ccccc1)C(=O)NC(CCCCN)C(=O)N[C@H](CCC(=O)N1[C@@H]2[C@H](C[C@H]1C(O)=O)CCCC2)C(O)=O,44317023,1
402,OC(=O)[C@H]1N(CCC1)C(=O)[C@@H](NC(CCC(=O)Nc1ccccc1)C(O)=O)C,20834249,1
403,SCCC(=O)N[C@@H](Cc1ccccc1)C(O)=O,13036944,1
404,SCCC(=O)N[C@@H](C(C)C)C(O)=O,44317115,1
405,Ic1ccc(NC(=O)CCC(N[C@H](C(=O)N2CCC[C@H]2C(O)=O)C)C(O)=O)cc1,44317124,1
406,S1C[C@H](N(C(=O)CCS)[C@H]1c1ccccc1O)C(O)=O,71244,1
407,P(OC)(O)(=O)C(N[C@H](C(=O)N1CCC[C@H]1C(O)=O)C)CCc1ccccc1,44317141,1
408,SC(Cc1ccccc1)C(=O)N[C@@H](C(=O)N1CCC[C@H]1C(O)=O)C,44317145,1
409,OC(=O)C(N[C@H](C(=O)N(CC(O)=O)C1Cc2c(C1)cccc2)C)CCc1ccccc1,13135337,1
410,SC1CCC1C(=O)N1CCC[C@H]1C(O)=O,22823240,1
411,OC(=O)[C@H]1N(Cc2c(C1)cccc2)C(=O)N(CC)C[C@H](CCc1ccccc1)C(O)=O,44317367,1
412,OC(=O)[C@H]1N(CCC1)C(=O)[C@@H](N[C@@H](CCc1ccccc1)C(O)=O)CCCCN,5362119,1
413,SCCC(=O)N1CCC[C@H]1C(O)=O,99978,1
414,SC(C(=O)N[C@H](C(O)=O)CS)C,21152492,1
415,P(O[C@@H](CCCCN)C(=O)N1C[C@H](O)C[C@H]1C(O)=O)(O)(=O)CCCCc1ccccc1,14630769,1
416,S([C@@H]1C[C@H](N(C1)C(=O)[C@@H](OP(O)(=O)CCCCc1ccccc1)CCCCN)C(O)=O)c1ccccc1,14630749,1
417,P(O[C@@H](CCCCN)C(=O)N1C[C@H](C[C@H]1C(O)=O)Cc1ccccc1)(O)(=O)CCCCc1ccccc1,14630745,1
418,OC(=O)[C@H]1N(CCC1)C(=O)[C@@H](NC(CCc1ccccc1)C(O)=O)C,13105154,1
419,O(Cc1ccccc1)C(=O)NC(C(=O)N[C@H](CCC(=O)N1CCC[C@H]1C(O)=O)C(O)=O)C,44316742,1
420,O(Cc1ccccc1)C(=O)N1CCCC1C(=O)N[C@H](CCC(=O)N1CCC[C@H]1C(O)=O)C(O)=O,44316848,1
421,O(Cc1ccccc1)C(=O)NC(CCCCN)C(=O)N[C@H](CCC(=O)N1CCC[C@H]1C(O)=O)C(O)=O,44316849,1
422,P(O)(O)(=O)C(N[C@H](C(=O)N1CCC[C@H]1C(O)=O)C)CCc1ccccc1,44316850,1
423,OC(=O)[C@H]1N(CCC1)C(=O)[C@@H](NC(CCc1c2c(ccc1)cccc2)C(O)=O)C,44316863,1
424,S1[C@H]2N([C@@H](C1)C(O)=O)C(=O)C(NC(CCc1ccccc1)C(O)=O)CCC2,44317014,1
425,OC(=O)CN(C(=O)C(N)C)c1ccc(cc1)C,15615011,1
426,OC(=O)[C@H]1N(CCC1)C(=O)[C@@H](NC(CCC(C)C)C(O)=O)C,44317220,1
427,SCC(N)C(=O)N1CCC[C@H]1C(O)=O,44317221,1
428,SC[C@@H]1CC(=O)N2N([C@@H](CCC2)C(O)=O)C1=O,44317350,1
429,SCN1C(=O)N2N(CC=C[C@H]2C(O)=O)C1=O,44317359,1
430,S[C@H]([C@@H](Cc1ccccc1)C(=O)N[C@H](C(O)=O)C)CC(C)C,10426368,1
431,SC(C(C(C)C)C(=O)NC(Cc1ccc(O)cc1)C(O)=O)CCc1ccccc1,44384274,1
432,SC(C(Cc1ccccc1)C(=O)NC(Cc1ccc(O)cc1)C(O)=O)CC(C)C,44384300,1
433,SC(C(Cc1ccccc1)C(=O)NC(C(O)=O)C)CCc1ccccc1,44298353,1
434,SC(C(Cc1ccccc1)C(=O)NC(C(O)=O)C)CC(C)C,9905282,1
435,SC([C@H](Cc1ccccc1)C(=O)N[C@H](C(O)=O)C)CC(C)C,44384213,1
436,S[C@@H]([C@H](Cc1ccccc1)C(=O)N[C@H](C(O)=O)C)CC(C)C,10381547,1
437,SC(C(Cc1ccccc1)C(=O)NC(Cc1ccc(O)cc1)C(O)=O)CCc1ccccc1,44385237,1
438,SC(CC(C)C)CC(=O)NC(Cc1ccccc1)C(O)=O,44384017,1
439,S[C@H]([C@H](Cc1ccccc1)C(=O)N[C@H](C(O)=O)C)CC(C)C,10336328,1
440,SC(Cc1ccccc1)CC(Cc1ccccc1)C(=O)NC(C(O)=O)C,44298544,1
441,SC(C(CC)C)CC(Cc1ccccc1)C(=O)NC(Cc1ccc(O)cc1)C(=O)N,44298428,1
442,SC(Cc1ccccc1)CC(C(CC)C)C(O)=O,44298316,1
443,SC(Cc1ccccc1)CC(C(CC)C)C(=O)N1CCCC1C(O)=O,44298431,1
444,SC(CC(Cc1ccccc1)C(=O)NC(C(O)=O)C)c1ccccc1,44298467,1
445,SC(CCc1ccccc1)CC(C(CC)C)C(=O)NC(Cc1ccc(O)cc1)C(O)=O,44298205,1
446,S1C(=O)C(CC1Cc1ccccc1)C(CC)C,10014925,1
447,SC(C(CC)C)CC(Cc1ccccc1)C(=O)N[C@@H](Cc1ccc(O)cc1)C(O)=O,44298400,1
448,SC(C(CC)C)CC(Cc1ccccc1)C(=O)N[C@H](Cc1ccc(O)cc1)C(O)=O,44298529,1
449,SC(Cc1ccccc1)CC(C(CC)C)C(=O)NC(Cc1ccc(O)cc1)C(O)=O,44298403,1
450,SC(Cc1ccccc1)CC(Cc1ccccc1)C(=O)NC(Cc1ccc(O)cc1)C(O)=O,44298425,1
451,SC(Cc1ccccc1)CC(Cc1ccccc1)C(=O)NCCC(O)=O,44298426,1
452,SC(Cc1ccccc1)CC(Cc1ccccc1)C(=O)N1CCCC1C(O)=O,44298355,1
453,SC(C(CC)C)CC(C(CC)C)C(=O)NC(Cc1ccc(O)cc1)C(=O)N,44298401,1
454,SC(C(CC)C)CC(C(CC)C)C(=O)NC(Cc1ccc(O)cc1)C(O)=O,44298402,1
455,S1[C@H]2N([C@@H](C1)C(O)=O)C(=O)[C@@H](NC(CCc1ccccc1)C(O)=O)CCC2,44368554,1
456,OC(=O)[C@H]1N(CCC1)C(=O)[C@@H](NC(=O)[C@@H](NC(=O)[C@@H](NC(=O)[C@@H](N)CCC(O)=O)CCCCN)Cc1c2c([nH]c1)cccc2)C,44324530,1
457,OC(=O)[C@H]1N(CCC1)C(=O)[C@H](NCC(O)=O)C,44368279,1
458,OC(=O)[C@H]1N(CCC1)C(=O)[C@H](NC(C(O)=O)C)C,44368523,1
459,SC[C@H](C(=O)N1CCCC1C(O)=O)C,448982,1
460,OC(=O)C1N(CCC1)C(=O)[C@H](CCC(O)=O)C,44305060,1
461,SCCC(=O)N1C(CCCC1C)C(O)=O,2834684,1
462,S(C(=O)C)CC(C(=O)Nc1ccccc1)C,2828746,0
463,O(C(CCc1ccccc1)C(O)=O)C(C(=O)N1Cc2c(CC1C(O)=O)cccc2)C,44459614,0
464,S(C(CCc1ccccc1)C(OCC)=O)C(C(=O)N1CCCC1C(O)=O)C,44459870,0
465,S(C(CCc1ccccc1)C(O)=O)C(C(=O)N1CCC[C@H]1C(O)=O)C,57393223,0
466,S1C[C@@H](N(C1)C(=O)C(SC(CCc1ccccc1)C(OCC)=O)C)C(O)=O,57396695,0
467,O(C(CCc1ccccc1)C(O)=O)C(C(=O)N1CCCC1C(O)=O)C,44459545,0
468,S(C(CCc1ccccc1)C(O)=O)C(C(=O)N1C2C(C[C@H]1C(O)=O)CCCC2)C,57394944,0
469,O(C(CCc1ccccc1)C(OCC)=O)C(C(=O)N1C2C(CC1C(O)=O)CCCC2)C,44459897,0
470,O(C(CCc1ccccc1)C(OCC)=O)C(C(=O)N1Cc2c(CC1C(O)=O)cccc2)C,44459680,0
471,O(C(CCc1ccccc1)C(OCC)=O)C(C(=O)N1CCCC1C(O)=O)C,44459908,0
472,O(CC)C(=O)[C@@H](N[C@H](C(=O)N1C2C(C[C@H]1C(O)=O)CCCC2)C)CCc1ccccc1,13069290,0
473,S(=O)(C(CCc1ccccc1)C(OCC)=O)C(C(=O)N1C2C(C[C@H]1C(O)=O)CCCC2)C,57396692,0
474,S(C(CCc1ccccc1)C(OCC)=O)C(C(=O)N1Cc2c(C[C@H]1C(O)=O)cccc2)C,57396694,0
475,S(C(CCc1ccccc1)C(OCC)=O)C(C(=O)N1C2C(C[C@H]1C(O)=O)CCCC2)C,57398463,0
476,OC(=O)[C@H]1N(C2C(C1)CCCC2)C(=O)[C@@H](N[C@@H](CCc1ccccc1)C(O)=O)C,9978465,0
477,S(C(=O)C)CCC(=O)N1Cc2c(cccc2)C1C(O)=O,44301397,0
478,S(C(=O)C)CC(C(=O)N1Cc2c(CC1C(O)=O)cccc2)C,12883918,0
479,O(C)c1cc2CC(N(Cc2cc1OC)C(=O)C(NC(CCc1ccccc1)C(OCC)=O)C)C(OCc1ccccc1)=O,13044267,0
480,S(C(=O)C)CC(C(=O)N1Cc2c(cccc2)C1C(O)=O)C,44301408,0
481,S(C(=O)C)CC(C(=O)N1CCc2c(C1)cccc2)C,44301410,0
482,SCC(C(=O)N1Cc2c(cccc2)C1C(O)=O)C,44301493,0
483,S(=O)(=O)([C@H](CCCC)CC(=O)NO)c1ccccc1,10493383,0
484,SCC(C(=O)N1Cc2c(CC1C(O)=O)cccc2)C,12942866,0
485,O(C)c1cc2CC(N(Cc2cc1OC)C(=O)C(NC(CCc1ccccc1)C(O)=O)C)C(O)=O,13044278,0
486,O(CC)C(=O)[C@H](N[C@H](C(=O)N1Cc2c(C[C@H]1C(O)=O)cccc2)C)CCc1ccccc1,24721360,0
487,S(=O)(=O)(C(CCCC)CC(=O)NO)c1cc2c(cc1)cccc2,10854279,0
488,OC(=O)C1N(CCc2c1cccc2)C(=O)C(NC(CCc1ccccc1)C(O)=O)C,44301544,0
489,OC(=O)C1N(Cc2c1cccc2)C(=O)C(NC(CCc1ccccc1)C(O)=O)C,44301552,0
490,O(C(=O)C1N(Cc2c(C1)cccc2)C(=O)C(NC(CCc1ccccc1)C(OCC)=O)C)CC,44301623,0
491,O(C)c1cc2C[C@H](N(Cc2cc1OC)C(=O)[C@@H](N[C@@H](CCc1ccccc1)C(OCC)=O)C)C(O)=O,91270,0
492,O(C)c1cc2CC(N(Cc2cc1OC)C(=O)C(NC(CCc1ccccc1)C(OCC)=O)C)C(OCC)=O,44301514,1
493,SCC(C(=O)N1CCc2c(C1)cccc2)C,20285352,1
494,S[C@@H](Cc1ccccc1)C(=O)NC1CCC[C@@H]2N([C@@H](CCC2)C(O)=O)C1=O,44342310,1
495,O(CC)C(=O)[C@@H](N[C@H](C(=O)N1Cc2c(cccc2)[C@H]1C(O)=O)C)CCc1ccccc1,54468999,1
496,Clc1nc(n(Cc2ccc(cc2)-c2ccccc2-c2nn[nH]n2)c1CO)CCCC,3961,1
497,O=C1N(c2c(CC[C@@H]1N[C@@H](CCc1ccccc1)C(OCC)=O)cccc2)CC(O)=O,5362124,1
498,O(CC)C(=O)[C@@H](N[C@H](C(=O)N1Cc2c(C[C@@H]1C(O)=O)cccc2)C)CCc1ccccc1,36688130,1
499,O(C)c1cc2C[C@H](N(Cc2cc1OC)C(=O)[C@@H](N[C@H](CCc1ccccc1)C(OCC)=O)C)C(O)=O,71461712,1
500,S[C@@H](Cc1ccccc1)C(=O)NC1CCCC(N(CC(O)=O)C1=O)(C)C,44342309,1
501,P(O[C@H](OC(=O)CC)C(C)C)(=O)(CCCCc1ccccc1)CC(=O)N1C[C@@H](C[C@H]1C(O)=O)C1CCCCC1,9601226,1
502,S([C@H]1C[C@H](N(C1)C(=O)[C@@H](CSC(=O)c1ccccc1)C)C(O)=O)c1ccccc1,92400,1
503,O(CC)C(=O)[C@@H](N[C@H](C(=O)N1[C@@H]2[C@H](C[C@H]1C(O)=O)CCC2)C)CCc1ccccc1,5362129,1
504,O(CC)C(=O)[C@@H](N[C@H](C(=O)N1[C@@H]2[C@@H](C[C@H]1C(O)=O)CCCC2)C)CCc1ccccc1,5484727,1
505,S(C[C@@H](Cc1cc2OCOc2cc1)C(=O)N[C@H](C(OCc1ccccc1)=O)C)C(O)=O,44342481,1
506,SC(CC(C)C)CC(=O)NC(Cc1ccccc1)C(=O)NC(Cc1ccc(O)cc1)C(O)=O,44383743,1
507,SC(C(Cc1ccccc1)C(=O)NC(C(CC)C)C(=O)NC(Cc1ccc(O)cc1)C(O)=O)C,44384394,1
508,SC(C(Cc1ccccc1)C(=O)NCC(O)=O)C,10107034,1
509,SC(C(Cc1ccccc1)C(=O)NC(CCCC)C(=O)NC(Cc1ccc(O)cc1)C(O)=O)C,44383695,1
510,SC(C(Cc1ccccc1)C(=O)NC(C(C)C)C(=O)NC(Cc1ccc(O)cc1)C(O)=O)C,44385190,1
511,S[C@@H]1CC(N(C1)c1ncc(cn1)CCC)CNCc1cc(F)ccc1F,44401169,1
512,O1c2c(cccc2)C(=O)C=C1N1CCOCC1,131255,1
513,S(=O)(=O)(N1C[C@H](S)CC1C(=O)NN(S(=O)(=O)c1ccc(cc1)C)C)c1cc2c(cc1)cccc2,44400757,1
514,S(=O)(=O)(N1C[C@H](S)CC1C(=O)N(CC(=O)Nc1ccccc1C(OC)=O)C)c1cc2c(cc1)cccc2,44388021,1
515,SC[C@@H](C(=O)N[C@@H](Cc1c2c([nH]c1)cccc2)C(O)=O)[C@@H]1CCc2cc(OC)ccc12,44303110,1
516,S[C@H](Cc1ccccc1)C(=O)N[C@H]1Cc2c(C3N([C@H](CCC3)C(O)=O)C1=O)cccc2,44404945,1
517,S1C2N([C@@H](CCC2)C(O)=O)[C@@H](NC(=O)[C@@H](S)Cc2ccccc2)CCC1,44404953,1
518,SCC(Cc1ccccc1)C(=O)NCCC(O)=O,123742,1
519,Oc1cc2c([nH]cc2C[C@H](N)C(=O)N[C@@H](CCCN)C(=O)N2CCC[C@H]2C(O)=O)cc1,11774785,1
520,OC(=O)[C@H]1N(CCC1)C(=O)[C@@H](NC(=O)[C@@H](NC)Cc1c2c([nH]c1)cccc2)CCCN,9910508,1
521,s1cc(cc1)C[C@H](N)C(=O)N[C@@H](CCCN)C(=O)N1CCC[C@H]1C(O)=O,11176510,1
522,OC(=O)[C@H]1N(CCC1)C(=O)[C@@H](NC(=O)CCc1[nH]c2c(n1)cccc2)CCCN,44409992,1
523,OC(=O)[C@@H](NC(=O)[C@@H](N[C@@H](CCc1ccccc1)C(O)=O)CCCCN)Cc1c2c([nH]c1)cccc2,16007169,1
524,OC(=O)[C@@H](NC(=O)[C@@H](N[C@H](CCc1ccccc1)C(O)=O)CCCCN)Cc1c2c([nH]c1)cccc2,44415488,1
525,O(C(C)(C)C)C(=O)N[C@@H](Cc1ccccc1)C(=O)CCC(=O)N[C@@H](Cc1ccccc1)C(O)=O,11992494,1
526,O(C(C)(C)C)C(=O)N[C@@H](Cc1ccccc1)C(=O)CCC(=O)N1CCC[C@H]1C(O)=O,11992492,1
527,O(C(C)(C)C)C(=O)N[C@@H](Cc1ccccc1)C(=O)CCC(=O)N[C@@H](Cc1c2c([nH]c1)cccc2)C(O)=O,11992493,1
528,Oc1ccc(cc1)C[C@H](NC(=O)N(CC(C)C)C[C@H](O)C(O)=O)C(O)=O,44454700,1
529,OC(=O)[C@@H](NC(=O)N(CC(C)C)C[C@H](O)C(O)=O)Cc1c2c(ccc1)cccc2,44454730,1
530,OC(=O)[C@@H](NC(=O)N(CC(C)C)C[C@H](O)C(O)=O)Cc1c2c([nH]c1)cccc2,44454780,1
531,O=C1N(CCN(C[C@H](O)C(O)=O)C(=O)N[C@@H](Cc2cc3c(cc2)cccc3)C(O)=O)C(=O)c2c3c1cccc3ccc2,24882714,1
532,Oc1cc(ccc1O)C[C@H](NC(=O)N(CC(C)C)C[C@H](O)C(O)=O)C(O)=O,44454674,1
533,O=C1c2cc(ccc2-c2c1cccc2)CN(C[C@H](O)C(O)=O)C(=O)N[C@@H](Cc1cc2c(cc1)cccc2)C(O)=O,44454596,1
534,OC(=O)[C@@H](NC(=O)N(CC(C)(C)C)C[C@H](O)C(O)=O)Cc1cc2c(cc1)cccc2,44454648,1
535,O=C1c2c(ccc(c2)CN(C[C@H](O)C(O)=O)C(=O)N[C@@H](Cc2cc3c(cc2)cccc3)C(O)=O)C(=O)c2c1cccc2,44454536,1
536,OC(=O)[C@@H](NC(=O)N(CC(C)C)C[C@H](O)C(O)=O)Cc1ccc(cc1)-c1ccccc1,9932329,1
537,P(O)(O)(=O)CN(CC(C)C)C(=O)N[C@@H](Cc1cc2c(cc1)cccc2)C(O)=O,44454833,1
538,OC(=O)[C@@H](NC(=O)N(CC(C)C)C[C@H](O)C(O)=O)Cc1cc2c(cc1)cccc2,9844054,1
539,OC(=O)[C@@H](NC(=O)N(Cc1cc2Cc3c(-c2cc1)cccc3)C[C@H](O)C(O)=O)Cc1cc2c(cc1)cccc2,44454905,1
540,O1c2c(ccc(O)c2O)C(=O)c2c1cc(O)cc2O,5479774,1
541,O1c2c(ccc(O)c2O)C(=O)c2cc(O)c(O)cc12,10355232,1
542,S(Cc1ccccc1)[C@@H]1N(C(=O)[C@@H](CS)C)[C@@H](CC1)C(O)=O,44586759,1
543,S(CCc1ccccc1)[C@@H]1N(C(=O)[C@@H](CS)C)[C@@H](CC1)C(O)=O,44586760,1
544,S(CCCc1ccccc1)[C@@H]1N(C(=O)[C@@H](CS)C)[C@@H](CC1)C(O)=O,44586761,1
545,S(Cc1cc2c(cc1)cccc2)[C@@H]1N(C(=O)[C@@H](CS)C)[C@@H](CC1)C(O)=O,44586816,1
546,S(Cc1c2c(ccc1)cccc2)[C@@H]1N(C(=O)[C@@H](CS)C)[C@@H](CC1)C(O)=O,44586792,1
547,S(CCc1ccc(cc1)C(C)C)[C@@H]1N(C(=O)[C@@H](CS)C)[C@@H](CC1)C(O)=O,44586818,1
548,S(CCCc1ccc(cc1)C(C)C)[C@@H]1N(C(=O)[C@@H](CS)C)[C@@H](CC1)C(O)=O,44586819,1
549,S(Cc1cc(ccc1)C)[C@@H]1N(C(=O)[C@@H](CS)C)[C@@H](CC1)C(O)=O,44586820,1
550,S(Cc1ccccc1C)[C@@H]1N(C(=O)[C@@H](CS)C)[C@@H](CC1)C(O)=O,44586856,1
551,S(C)c1ccc(cc1)CS[C@@H]1N(C(=O)[C@@H](CS)C)[C@@H](CC1)C(O)=O,44586857,1
552,S(Cc1ccc(cc1)C(C)(C)C)[C@@H]1N(C(=O)[C@@H](CS)C)[C@@H](CC1)C(O)=O,44586858,1
553,S(Cc1ccc(cc1)C1CCCCC1)[C@@H]1N(C(=O)[C@@H](CS)C)[C@@H](CC1)C(O)=O,44586859,1
554,S(Cc1ccc(cc1)C(C)C)[C@@H]1N(C(=O)[C@@H](CS)C)[C@@H](CC1)C(O)=O,44586817,1
555,S(Cc1ccc(cc1)C(C)C)[C@H]1N(C(=O)[C@@H](CS)C)[C@@H](CC1)C(O)=O,44586860,1
556,S(Cc1ccc(F)cc1)C[C@H](NC(=O)[C@@H](CS)C)C(O)=O,44581551,1
557,S(Cc1ccc(cc1)C(C)(C)C)C[C@H](NC(=O)[C@@H](CS)C)C(O)=O,44581587,1
558,S(Cc1ccc(cc1)C1CCCCC1)C[C@H](NC(=O)[C@@H](CS)C)C(O)=O,44581589,1
559,S(Cc1ccc(OC)cc1)C[C@H](NC(=O)[C@@H](CS)C)C(O)=O,44581623,1
560,S(Cc1ccc(cc1)C#N)C[C@H](NC(=O)[C@@H](CS)C)C(O)=O,44581628,1
561,S(C(CC)c1ccc(cc1)C(C)C)C[C@H](NC(=O)[C@@H](CS)C)C(O)=O,44581663,1
562,S(C(C)(C)c1ccc(cc1)C1CCCCC1)C[C@H](NC(=O)[C@@H](CS)C)C(O)=O,21967878,1
563,S(Cc1ccc(N(C)C)cc1)C[C@H](NC(=O)[C@@H](CS)C)C(O)=O,9906720,1
564,S(Cc1ccccc1)C[C@H](NC(=O)[C@@H](CS)C)C(O)=O,10448308,1
565,Brc1ccc(cc1)CSC[C@H](NC(=O)[C@@H](CS)C)C(O)=O,44581553,1
566,Ic1ccc(cc1)CSC[C@H](NC(=O)[C@@H](CS)C)C(O)=O,9803222,1
567,S(Cc1ccc(cc1)C)C[C@H](NC(=O)[C@@H](CS)C)C(O)=O,44581554,1
568,S(Cc1ccc(cc1)C(F)(F)F)C[C@H](NC(=O)[C@@H](CS)C)C(O)=O,44581555,1
569,S(Cc1ccc([N+](=O)[O-])cc1)C[C@H](NC(=O)[C@@H](CS)C)C(O)=O,44581658,1
570,S(C)c1ccc(cc1)CSC[C@H](NC(=O)[C@@H](CS)C)C(O)=O,44581659,1
571,Clc1ccc(cc1)CSC[C@H](NC(=O)[C@@H](CS)C)C(O)=O,44581552,1
572,S(Cc1ccc(cc1)C(C)C)C[C@H](NC(=O)[C@@H](CS)C)C(O)=O,44581586,1
573,S(Cc1ccc(cc1)-c1ccccc1)C[C@H](NC(=O)[C@@H](CS)C)C(O)=O,44581588,1
574,S(=O)(=O)(C)c1ccc(cc1)CSC[C@H](NC(=O)[C@@H](CS)C)C(O)=O,44581660,1
575,S(C(C)c1ccc(cc1)C(C)C)C[C@H](NC(=O)[C@@H](CS)C)C(O)=O,44581662,1
576,S(C(CCC)c1ccc(cc1)C(C)C)C[C@H](NC(=O)[C@@H](CS)C)C(O)=O,21967881,1
577,S(Cc1ccc(cc1)CC)C[C@H](NC(=O)[C@@H](CS)C)C(O)=O,44581584,1
578,S(Cc1ccc(cc1)CCC)C[C@H](NC(=O)[C@@H](CS)C)C(O)=O,44581585,1
579,S(Cc1ccc(OC(F)(F)F)cc1)C[C@H](NC(=O)[C@@H](CS)C)C(O)=O,44581624,1
580,S(Cc1ccc(OCC)cc1)C[C@H](NC(=O)[C@@H](CS)C)C(O)=O,44581625,1
581,S(Cc1ccc(Oc2ccccc2)cc1)C[C@H](NC(=O)[C@@H](CS)C)C(O)=O,44581626,1
582,S(Cc1ccc(N(CC)CC)cc1)C[C@H](NC(=O)[C@@H](CS)C)C(O)=O,44581627,1
583,S(C(C(C)C)c1ccc(cc1)C(C)C)C[C@H](NC(=O)[C@@H](CS)C)C(O)=O,44581700,1
584,S(C(CCCC)c1ccc(cc1)C(C)C)C[C@H](NC(=O)[C@@H](CS)C)C(O)=O,44581701,1
585,S(C(c1ccc(cc1)C(C)C)c1ccccc1)C[C@H](NC(=O)[C@@H](CS)C)C(O)=O,44581702,1
586,S(C(C)(C)c1ccc(cc1)C(C)C)C[C@H](NC(=O)[C@@H](CS)C)C(O)=O,44581703,1
587,SC(CC(=O)NC(Cc1ccccc1)C(O)=O)C(F)(F)F,45267758,1
588,SC(CC(=O)NC(Cc1c2c([nH]c1)cccc2)C(O)=O)C(F)(F)F,45270333,1
589,SC(CC(=O)NC(Cc1ccc(O)cc1)C(O)=O)C(F)(F)F,45267767,1
590,SC(CC(=O)NC(Cc1ccccc1)C(=O)NC(Cc1ccc(O)cc1)C(O)=O)C(F)(F)F,45269496,1
591,SC(CC(=O)NC(Cc1ccc(F)cc1)C(O)=O)C(F)(F)F,45272068,1
592,SC(C(F)(F)C(F)(F)F)CC(=O)NC(Cc1ccccc1)C(O)=O,45273826,1
593,P(O)(=O)([C@@H](NC(OCc1ccccc1)=O)Cc1ccccc1)[C@@H]1CCC[C@H]1C(=O)N[C@@H](Cc1c2c([nH]c1)cccc2)C(O)=O,45485266,1
594,P(O)(=O)([C@@H](NC(OCc1ccccc1)=O)Cc1ccccc1)CC(CC1ON=C(C1)c1ccc(cc1)C(F)(F)F)C(=O)N[C@@H](Cc1c2c([nH]c1)cccc2)C(O)=O,44628063,1
595,P(O)(=O)([C@@H](NC(OCc1ccccc1)=O)Cc1ccccc1)CC(CC1ON=C(C1)c1ccc(cc1)-c1ccccc1)C(=O)N[C@@H](Cc1c2c([nH]c1)cccc2)C(O)=O,44628064,1
596,P(O)(=O)([C@@H](NC(OCc1ccccc1)=O)Cc1ccccc1)CC(Cc1onc(c1)-c1ccccc1)C(=O)N[C@@H](Cc1c2c([nH]c1)cccc2)C(O)=O,45485236,1
597,P(O)(=O)([C@@H](NC(OCc1ccccc1)=O)Cc1ccccc1)CC(Cc1ccc(cc1)-c1ccccc1)C(=O)N[C@@H](Cc1c2c([nH]c1)cccc2)C(O)=O,44628065,1
598,P(O)(=O)([C@@H](NC(OCc1ccccc1)=O)Cc1ccccc1)CC(CC1ON=C(C1)c1ccccc1)C(=O)N[C@@H](Cc1c2c([nH]c1)cccc2)C(O)=O,44627959,1
599,P(O)(=O)([C@@H](NC(OCc1ccccc1)=O)Cc1ccccc1)C[C@H](Cc1onc(c1)-c1ccccc1)C(=O)N[C@@H](Cc1c2c([nH]c1)cccc2)C(O)=O,44626708,1
600,P(O)(=O)([C@@H](NC(OCc1ccccc1)=O)Cc1ccccc1)C[C@H](Cc1onc(c1)-c1ccccc1)C(=O)N[C@@H](Cc1ccccc1)C(O)=O,44626710,1
601,P(O)(=O)([C@@H](NC(OCc1ccccc1)=O)Cc1ccccc1)C[C@H](Cc1onc(c1)-c1ccccc1)C(=O)N[C@@H](Cc1ccc(O)cc1)C(O)=O,11556698,1
602,S1[C@@H]2N([C@@H](CCC2)C(O)=O)C(=O)[C@@H](NC(=O)[C@@H](S)Cc2ccccc2)CC1,656629,1
603,P(O)(=O)([C@@H](NC(OCc1ccccc1)=O)Cc1ccccc1)CC(CC1ON=C(C1)c1ccccc1)C(=O)N[C@H](C(O)=O)C,44627960,1
604,P(O)(=O)([C@@H](NC(OCc1ccccc1)=O)Cc1ccccc1)C[C@@H](Cc1onc(c1)-c1ccccc1)C(=O)N[C@@H](Cc1c2c([nH]c1)cccc2)C(O)=O,44626604,1
605,P(O)(=O)([C@@H](NC(OCc1ccccc1)=O)Cc1ccccc1)C[C@@H](Cc1onc(c1)-c1ccccc1)C(=O)N[C@@H](Cc1ccccc1)C(O)=O,44626709,1
606,S(=O)(=O)(N[C@@H](CCCCN)C(=O)N[C@H](P(O)(=O)CC1(CCCC1)C(=O)N[C@@H](Cc1c2c([nH]c1)cccc2)C(O)=O)Cc1ccccc1)C,9810328,1
607,P(O)(=O)([C@@H](NC(OCc1ccccc1)=O)Cc1ccccc1)C[C@@H](Cc1onc(c1)-c1ccccc1)C(=O)N[C@@H](Cc1ccc(O)cc1)C(O)=O,44626711,1
608,O(C(=O)[C@H]1N(CCC1)C(=O)[C@H](N(C(=O)[C@@H](NC(=O)[C@@H](NC(=O)C[C@H](O)[C@@H](NC(=O)[C@@H](NC(=O)[C@@H](NC(=O)[C@H](OC(=O)[C@@H](OC(=O)[C@@H](N(C)C)C(C)C)C(C)C)C(C)C)CC(C)C)CC(=O)N)CC(C)C)[C@H](O)C)C)C)Cc1ccccc1)C,44255320,1
609,OCc1n2c(nc1CN(C)[C@H]1CCCc3c1nccc3)C=CC=C2N1CCN(CC1)C,11718722,1
610,P(O)(=O)([C@@H](NC(OCc1ccccc1)=O)Cc1ccccc1)C1CCC[C@H]1C(=O)N[C@@H](Cc1c2c([nH]c1)cccc2)C(O)=O,71456660,1
611,P(O)(=O)([C@@H](NC(=O)[C@@H](NC(=O)C)CC(O)=O)Cc1ccccc1)C[C@H](C(=O)N[C@H](C(=O)N)C)C,9827219,1
612,P(O)(=O)(CCCCc1ccccc1)CC(=O)N1C[C@@H](C[C@H]1C(O)=O)C1CCCCC1,62956,1
613,P(O)(=O)(CC(=O)N1CCC[C@H]1C(O)=O)C[C@@H](NC(=O)c1ccccc1)CCc1ccccc1,71462052,1
614,[Si](O)(O)([C@@H](NC(=O)c1ccccc1)Cc1ccccc1)C[C@H](C(=O)N1CCC[C@H]1C(O)=O)C,11191083,1
615,[Si](O)(O)([C@H](NC(=O)c1ccccc1)Cc1ccccc1)C[C@@H](C(=O)N1CCC[C@H]1C(O)=O)C,11442784,1
616,Cl.S(=O)(=O)(N([C@H](C(C)C)C(=O)NO)Cc1cccnc1)c1ccc(OC)cc1,9888897,1
617,O=C1N(O)C(=CC=C1)C(=O)NCc1ccc(cc1)-c1ccccc1,24857924,1
618,O=C(Nc1ccccc1)CCCCCCC(=O)NO,5311,1
619,P(O)(O)(=O)C(N[C@H](C(=O)N1[C@@H]2[C@H](C[C@H]1C(O)=O)CCCC2)C)CCC,72697596,1
620,P(O)(O)(=O)C(N[C@H](C(=O)N1[C@@H]2[C@H](C[C@H]1C(O)=O)CCCC2)C)CCc1ccccc1,72697595,1
621,O(CC)C(=O)[C@@H](N[C@H](C(=O)N1[C@@H]2[C@H](C[C@H]1C(O)=O)CCCC2)C)CCC,107807,1
622,OC(=O)c1ccccc1-c1ccc(cc1)Cn1c2c(nc1CCC)c(cc(c2)-c1nc2c(n1C)cccc2)C,65999,1
623,P(O)(O)(=O)[C@@H](NC(=O)[C@@H](NC(=O)[C@@H](NC)C(C)C)Cc1ccccc1)Cc1ccc(O)cc1,90655800,1
624,P(O)(O)(=O)[C@@H](NC(=O)[C@@H](NC(=O)[C@@H](NC)C(C)C)Cc1ccc(O)cc1)Cc1ccc(O)cc1,90655799,1
625,P(O)(O)(=O)[C@@H](NC(=O)[C@@H](NC(=O)[C@@H](NC(=O)C)[C@H](CC)C)CC(C)C)Cc1ccc(O)cc1,90655798,1
626,P(O)(O)(=O)[C@@H](NC(=O)[C@@H](NC(=O)[C@@H](NC(=O)C)[C@H](CC)C)Cc1ccc(O)cc1)Cc1ccc(O)cc1,18608377,1
627,P(O)(O)(=O)[C@@H](NC(=O)[C@@H](NC(=O)[C@@H](NC(=O)C)[C@H](CC)C)Cc1ccccc1)Cc1ccc(O)cc1,18608376,1
628,O(CC(O)CN1C(=Nc2c(cccc2)C1=O)c1ccccc1)c1c2c3c([nH]c2ccc1)cccc3,118732862,1
629,O(CC(O)CN1C(=Nc2c(cccc2)C1=O)c1ccc(cc1)C)c1c2c3c([nH]c2ccc1)cccc3,118732864,1
630,FC(F)(F)C1=Nc2c(cccc2)C(=O)N1CC(O)COc1c2c3c([nH]c2ccc1)cccc3,118732861,1
631,OC(=O)[C@H]1N(CC1)CC[C@H](NCC[C@H](N)C(O)=O)C(O)=O,9882882,1
632,S[C@@H](CC(C)C)C(=O)N1CCC[C@H]1C(=O)N1CCC[C@H]1C(=O)N([C@H](C(O)=O)C)C,118579584,1
633,S[C@@H](CC(C)C)C(=O)N1CCC[C@H]1C(=O)N1CCC[C@H]1C(=O)N1CCC[C@@H]1C(O)=O,118579586,1
634,S[C@@H](CC(C)C)C(=O)N1CCC[C@H]1C(=O)N1CCC[C@H]1C(=O)N1C[C@H](CC1)C(O)=O,118579583,1
635,OC(=O)CN(CCN(CC(O)=O)CC(O)=O)CC(O)=O,6049,1
636,S(=O)(CC[C@H](N(C(=O)[C@@H](O)[C@@H](N)CCCCCCC)C)C(=O)N[C@@H](Cc1ccc(O)cc1)C(O)=O)C,25108825,1
637,SC[C@H](C(=O)N1C[Si](C[C@H]1C(O)=O)(C)C)C,145984090,1
638,S1[C@@H]2N([C@@H](CCC2)C(O)=O)C(=O)[C@@H](NC(=O)[C@@H](SS[C@@H](Cc2ccccc2)C(=O)N[C@H]2CCS[C@@H]3N([C@@H](CCC3)C(O)=O)C2=O)Cc2ccccc2)CC1,145994098,1
639,Fc1cc(F)c(F)cc1C[C@@H](N)CC(=O)N[C@H]1C[C@H](N(C1)C(=O)[C@@H](N[C@@H](CCc1ccccc1)C(O)=O)CCC)C(O)=O,53354365,1
640,Fc1cc(F)c(F)cc1C[C@@H](N)CC(=O)N[C@H]1C[C@H](N(C1)C(=O)[C@@H](N[C@@H](CCc1ccccc1)C(O)=O)C)C(O)=O,53353383,1
641,Fc1cc(F)c(F)cc1C[C@@H](N)CC(=O)N[C@H]1C[C@H](N(C1)C(=O)[C@@H](N[C@@H](CCc1ccccc1)C(O)=O)CCCC)C(O)=O,53354369,1
642,Fc1cc(F)c(F)cc1C[C@@H](N)CC(=O)N[C@H]1C[C@H](N(C1)C(=O)[C@@H](N[C@@H](CCc1ccccc1)C(O)=O)CC)C(O)=O,53354470,1
643,Fc1cc(F)c(F)cc1C[C@@H](N)CC(=O)N1CCn2c(nnc2C(F)(F)F)C1,4369359,1
644,S=C(\N=C/1\c2c(N(CC(=O)C)C\1=O)cccc2)NCc1cc2c(cc1O)cccc2,145958358,1
645,BrCCN1c2c(cccc2)\C(=N\C(=S)NCc2cc3c(cc2O)cccc3)\C1=O,145959902,1
646,S=C(\N=C/1\c2c(N(C\1=O)c1ccccc1)cccc2)NCc1cc2c(cc1O)cccc2,145953611,1
647,S=C(\N=C/1\c2c(N(C(=O)c3ccccc3)C\1=O)cccc2)NCc1cc2c(cc1O)cccc2,145963315,1
648,Clc1ccccc1N1c2c(cccc2)\C(=N\C(=S)NCc2cc3c(cc2O)cccc3)\C1=O,145958042,1
649,S=C(\N=C/1\c2c(N(CC(O)=O)C\1=O)cccc2)NCc1cc2c(cc1O)cccc2,145949765,1
650,S=C(\N=C/1\c2c(N(C)C\1=O)cccc2)NCc1cc2c(cc1O)cccc2,145957046,1
651,S=C(\N=C/1\c2c(N(CCC)C\1=O)cccc2)NCc1cc2c(cc1O)cccc2,145952431,1
652,S=C(\N=C/1\c2c(N(C(=O)C)C\1=O)cccc2)NCc1cc2c(cc1O)cccc2,145953190,1
653,S=C(\N=C/1\c2c(N(C(=O)c3ccc(cc3)C)C\1=O)cccc2)NCc1cc2c(cc1O)cccc2,145953329,1
654,S=C(\N=C/1\c2c(N(Cc3ccc(OC)cc3)C\1=O)cccc2)NCc1cc2c(cc1O)cccc2,145951239,1
655,S=C(\N=C\1/c2c(N(C/1=O)c1ccc(OC)cc1)cccc2)NCc1cc2c(cc1O)cccc2,145951970,1
656,SCC1CCCN(CC(=O)N)C1=O,12698996,1
657,S(CC1CCCN(CC(=O)N)C1=O)C(=O)C,12698995,1
658,O=C(NC(Cc1ccccc1)C(=O)CCC(=O)N1CCCC1)c1ccccc1,44385858,1
659,S(Cc1ccc(OC)cc1)C=1NC(=O)C=C(N=1)C,135438809,1
660,Clc1ccc(cc1)CSC=1NC(=O)C=2CCCC=2N=1,135412054,1
661,O=C1N(CCC1N)CC(O)=O,11579172,1
662,o1c2c(nc1C(=O)C(NC(=O)CN1C(=NC=C(N)C1=O)c1cc(OC)ccc1)Cc1ccccc1)cc(cc2)C(OC)=O,9938207,1
663,Fc1ccc(cc1)C1=NC=C(N)C(=O)N1CC(=O)NC(C(=O)c1oc2c(n1)cc(cc2)C(OC)=O)Cc1ccccc1,9829503,1
664,Clc1cc(ccc1)C1=NC=C(N)C(=O)N1CC(=O)NC(Cc1ccccc1)C(=O)C(F)(F)C(=O)NCc1ccccc1,9916581,1
665,Fc1cc(C)c(cc1)-c1ncc(nc1)-c1nnc(n1-c1ccc(OC)nc1)C,11257380,1
666,O(C)c1ncc(-n2c(nnc2COC)-c2ncc(nc2)-c2ccc(cc2C)C#N)cc1,11475469,1
667,OC(=O)CC[C@H](NC(=O)[C@@H](NC(=O)[C@@H](NC(=O)[C@@H]([C@@H](O)C(=O)NO)Cc1cc2c(cc1)cccc2)CCCN=C(N)N)Cc1c2c([nH]c1)cccc2)C(=O)N,71601334,1
668,S(=O)(=O)(N[C@@H](Cc1ccccc1)C(O)=O)c1ccc(cc1)-c1ccccc1,44372530,1
669,OC(=O)C1CCN(CC1)Cc1ccc(cc1)-c1ccccc1-c1nn[nH]n1,76313145,1
670,S1CC(=O)N(Cc2ccc(cc2)-c2ccccc2-c2nn[nH]n2)C1=O,76331268,1
671,o1c(nnc1C)-c1ccccc1-c1ccc(cc1)CN1CCN(CC1)CCOCCO,76309481,1
672,o1c(nnc1C)-c1ccccc1-c1ccc(cc1)CN1CCC(CC1)C(O)=O,76313146,1
673,o1c(nnc1C)-c1ccccc1-c1ccc(cc1)Cn1ccnc1,76309480,1
674,O1CCN(CC1)Cc1ccc(cc1)-c1ccccc1-c1nn[nH]n1,76324042,1
675,o1c(nnc1C)-c1ccccc1-c1ccc(cc1)Cn1ncnc1,76324043,1
676,O(CCN1CCN(CC1)Cc1ccc(cc1)-c1ccccc1-c1nn[nH]n1)CCO,76324041,1
677,S1CC(=O)N(Cc2ccc(cc2)-c2ccccc2-c2oc(nn2)C)C1=O,76334848,1
678,o1c(nnc1C)-c1ccccc1-c1ccc(cc1)CN1CCOCC1,76334849,1
679,o1c(nnc1C)-c1ccccc1-c1ccc(cc1)CN1CCN(CC1)C,76320405,1
680,o1c(nnc1C)-c1ccccc1-c1ccc(cc1)CN1CCNCC1,76316685,1
681,OC(=O)[C@@H](N)CCCN=C(N)N,6322,1
682,S1SCC(C1)C(O)=O,16682,1
683,OC(=O)[C@H](N)CCCN=C(N)N,71070,1
684,OC(=O)C[C@H](N)C(O)=O,5960,1
685,O(C)c1ncc(cc1CC[C@@](O)(CC(O)=O)C(O)=O)C,124203831,1
