Experimental pIC-50 values of inhibitor molecules against angiotensin converting enzymes (ACE),,,
,,,
Sr. no. ,Molecular_SMILES,PubChem-CID,Experimental_IC-50 values (microM)
1,S(CCCc1ccccc1)[C@@H]1N(C(=O)[C@@H](CS)C)[C@@H](CC1)C(O)=O,44586761,2.90E-05
2,OC(=O)[C@H]1N(CCC1)C(=O)[C@@H](N[C@@H](CCc1ccccc1)C(O)=O)CCCCN,5362119,1.00E-04
3,S[C@H](Cc1ccccc1)C(=O)N[C@H]1Cc2c(C3N([C@H](CCC3)C(O)=O)C1=O)cccc2,44404945,0.00011
4,P(O[C@@H](CCCCN)C(=O)N(CC(O)=O)c1cc2OCOc2cc1)(O)(=O)CCCCc1ccccc1,14630801,0.0001148
5,SC[C@H](C(=O)N1CCC[C@H]1C(O)=O)C,44093,0.00012
6,P(O[C@@H](CCCCN)C(=O)N1C[C@H](C[C@H]1C(O)=O)c1ccccc1)(O)(=O)CCCCc1ccccc1,14630739,0.0001318
7,S(CCc1ccccc1)[C@@H]1N(C(=O)[C@@H](CS)C)[C@@H](CC1)C(O)=O,44586760,0.00018
8,Ic1ccc(NC(=O)CCC(N[C@H](C(=O)N2CCC[C@H]2C(O)=O)C)C(O)=O)cc1,44317124,0.0002291
9,O(Cc1ccccc1)C(=O)NC(Cc1ccccc1)C(=O)N[C@H](CCC(=O)N1c2c(C[C@H]1C(O)=O)cccc2)C(O)=O,44317024,0.0002512
10,P(O[C@@H](CCCCN)C(=O)N(CC(O)=O)c1cc(OC)c(OC)cc1)(O)(=O)CCCCc1ccccc1,14630797,0.0002884
11,P(O[C@@H](CCCCN)C(=O)N(CC(O)=O)C1CCCCC1)(O)(=O)CCCCc1ccccc1,14630782,0.0002951
12,P(O[C@@H](CCCCN)C(=O)N1c2c(C[C@H]1C(O)=O)cccc2)(O)(=O)CCCCc1ccccc1,3082827,0.0002951
13,S([C@H]1C[C@H](N(C1)C(=O)[C@@H](CSC(=O)c1ccccc1)C)C(O)=O)c1ccccc1,92400,0.0004
14,Clc1cc(cc(Cl)c1)Cn1cncc1C[C@H](N[C@@H](CC(C)C)C(O)=O)C(O)=O,448281,0.00044
15,P(O[C@@H](CCCCN)C(=O)N1C[C@H](C[C@H]1C(O)=O)C1CCCCC1)(O)(=O)CCCCc1ccccc1,14630735,0.0004898
16,S1CCSC12C[C@H](N(C2)C(=O)[C@@H](N[C@@H](CCc1ccccc1)C(O)=O)CCCCN)C(O)=O,14540996,0.0005
17,S([C@H]1C[C@H](N(C1)C(=O)[C@@H](OP(O)(=O)CCCCc1ccccc1)CCCCN)C(O)=O)c1ccccc1,14630751,0.0005248
18,S(C)[C@@H]1C[C@H](N(C1)C(=O)[C@@H](OP(O)(=O)CCCCc1ccccc1)CCCCN)C(O)=O,14630755,0.0005248
19,S1C[C@H](N2C1CCC[C@H](NC(CCc1ccccc1)C(O)=O)C2=O)C(O)=O,44352073,0.0006
20,S1[C@H]2N([C@@H](C1)C(O)=O)C(=O)[C@@H](NC(CCc1ccccc1)C(O)=O)CCC2,44368554,0.0006
21,S1[C@H]2N([C@@H](C1)C(O)=O)C(=O)C(NC(CCc1ccccc1)C(O)=O)CCC2,44317014,0.0006026
22,S1CCSC12C[C@H](N(C2)C(=O)[C@@H](OP(O)(=O)CCCCc1ccccc1)CCCCN)C(O)=O,14630765,0.000631
23,S([C@@H]1C[C@H](N(C1)C(=O)[C@@H](OP(O)(=O)CCCCc1ccccc1)CCCCN)C(O)=O)c1ccccc1,14630749,0.0007762
24,Ic1ccc(NC(=O)CCC(NC(C(=O)N2CCCC2C(O)=O)C)C(O)=O)cc1,44337769,0.0007943
25,S1CCSC12C[C@H](N(C2)C(=O)[C@@H](N[C@@H](CCc1ccccc1)C(O)=O)C)C(O)=O,3033702,0.0008
26,P(O[C@@H](CCCCN)C(=O)N1C[C@H](O)C[C@H]1C(O)=O)(O)(=O)CCCCc1ccccc1,14630769,0.000871
27,P(O[C@@H](CCCCN)C(=O)N1C[C@H](C[C@H]1C(O)=O)Cc1ccccc1)(O)(=O)CCCCc1ccccc1,14630745,0.0008913
28,S(Cc1cc(ccc1)C)[C@@H]1N(C(=O)[C@@H](CS)C)[C@@H](CC1)C(O)=O,44586820,0.0009
29,O(CC)C(=O)[C@@H](N[C@H](C(=O)N1[C@@H]2[C@@H](C[C@H]1C(O)=O)CCCC2)C)CCc1ccccc1,5484727,0.00093
30,OC(=O)[C@H]1N(CCC1)C(=O)[C@@H](CC(=O)[C@@H](NC(=O)c1ccccc1)Cc1ccccc1)C,134166,0.001
31,O=C1N2N(CC=C[C@H]2C(O)=O)C(=O)N1CCC(O)=O,13144525,0.001
32,SCCC(=O)N1C(CCCC1C)C(O)=O,2834684,0.001
33,P(O[C@H](OC(=O)CC)C(C)C)(=O)(CCCCc1ccccc1)CC(=O)N1C[C@@H](C[C@H]1C(O)=O)C1CCCCC1,9601226,0.001
34,S1[C@@H]2N([C@@H](CCC2)C(O)=O)C(=O)[C@@H](NC(=O)[C@@H](S)Cc2ccccc2)CC1,656629,0.001
35,P(O[C@@H](CCCCN)C(=O)N(CC(O)=O)c1ccccc1)(O)(=O)CCCCc1ccccc1,14630789,0.001072
36,OC(=O)[C@H]1N(CCC1)C(=O)[C@@H](NC(CCc1c2c(ccc1)cccc2)C(O)=O)C,44316863,0.001096
37,O(CC)C(=O)[C@@H](N[C@H](C(=O)N1CCC[C@H]1C(O)=O)C)CCc1ccccc1,5388962,0.0012
38,OC(=O)[C@H]1N(CCC1)C(=O)[C@@H](N[C@@H](CCc1ccccc1)C(O)=O)C,5462501,0.0012
39,OC(=O)[C@H]1N(CCC1)C(=O)[C@@H](N[C@](CCc1ccccc1)(C(O)=O)C)C,71718514,0.0012
40,OC(=O)[C@H]1N(CCC1)C(=O)[C@@H](NC(CCc1ccccc1)C(O)=O)C,13105154,0.001202
41,O(C)c1cc(ccc1OC)CC(NC(=O)c1ccccc1)C(=O)CCC(=O)N1CCC[C@H]1C(O)=O,44384897,0.0014
42,o1cccc1C(=O)NC(Cc1ccccc1)C(=O)CCC(=O)N1CCC[C@H]1C(O)=O,44385469,0.0014
43,O=C1N(C(=O)[C@@H](N[C@@H](CCCCCCCC)C(O)=O)C)[C@@H](CN1Cc1ccccc1)C(O)=O,13456375,0.0015
44,O(CC)C(=O)[C@@H](N[C@H](C(=O)N1[C@@H]2[C@H](C[C@H]1C(O)=O)CCCC2)C)CCC,107807,0.0015
45,O=C1N(C(=O)[C@@H](N[C@@H](CCCCCCCC)C(O)=O)C)[C@@H](CN1C)C(O)=O,13456366,0.0016
46,O=C1N(c2c(CCC1NC(CCc1ccccc1)C(O)=O)cccc2)CC(O)=O,10475845,0.001698
47,O=C1N(C(=O)[C@@H](N[C@@H](CCc2ccccc2)C(O)=O)C)[C@@H](CN1C)C(O)=O,5464344,0.0017
48,O=C1N(C(=O)[C@@H](N[C@@H](CCc2ccccc2)C(O)=O)C)[C@@H](CN1Cc1ccccc1)C(O)=O,13456344,0.0017
49,O=C1N(c2c(CC[C@@H]1N[C@@H](CCc1ccccc1)C(OCC)=O)cccc2)CC(O)=O,5362124,0.0017
50,S(C)[C@H]1C[C@H](N(C1)C(=O)[C@@H](OP(O)(=O)CCCCc1ccccc1)CCCCN)C(O)=O,14630757,0.001905
51,S1CC(N2C1CCCC(NC(CCc1ccccc1)C(O)=O)C2=O)C(O)=O,13241661,0.001995
52,O=C1N(CCCCC[C@@H]1N[C@@H](CCc1ccccc1)C(O)=O)CC(O)=O,54311655,0.002
53,O=C1N(C(=O)[C@@H](N[C@@H](CCCCCCCC)C(O)=O)CC)[C@@H](CN1Cc1ccccc1)C(O)=O,13456394,0.0021
54,O=C1N(C(=O)[C@@H](N[C@@H](CC(C)C)C(O)=O)C)[C@@H](CN1Cc1ccccc1)C(O)=O,13456380,0.0021
55,OC(=O)[C@H]1N(CCC1)C(=O)[C@@H](NC(CCc1ccccc1)C(O)=O)CCCN,44316851,0.002188
56,OC(=O)[C@H]1N(CC2C1CCCC2)C(=O)[C@@H](NC(CCc1ccccc1)C(O)=O)C,44316862,0.002188
57,O=C1N(C(=O)[C@@H](N[C@@H](CCc2ccccc2)C(O)=O)CC)[C@@H](CN1Cc1ccccc1)C(O)=O,13456404,0.0023
58,S(Cc1ccccc1C)[C@@H]1N(C(=O)[C@@H](CS)C)[C@@H](CC1)C(O)=O,44586856,0.0023
59,O=C1N(C(=O)[C@@H](N[C@@H](CCCCCCCC)C(O)=O)CC)[C@@H](CN1C)C(O)=O,13456399,0.0024
60,S(Cc1ccccc1)[C@@H]1N(C(=O)[C@@H](CS)C)[C@@H](CC1)C(O)=O,44586759,0.0024
61,S(C)C1(SC)C[C@H](N(C1)C(=O)[C@@H](OP(O)(=O)CCCCc1ccccc1)CCCCN)C(O)=O,14630761,0.00257
62,OC(=O)[C@H]1N(CCC1)C(=O)[C@@H](NC(CCC(C)C)C(O)=O)C,44317220,0.00257
63,O(C)c1cc2C[C@H](N(Cc2cc1OC)C(=O)[C@@H](N[C@@H](CCc1ccccc1)C(OCC)=O)C)C(O)=O,91270,0.0026
64,OC(=O)[C@H]1N(Cc2c(C1)cccc2)C(=O)[C@@H](N[C@@H](CCc1ccccc1)C(O)=O)C,107994,0.0028
65,Oc1ccc(cc1)CCC(N[C@H](C(=O)N1CCC[C@H]1C(O)=O)C)C(O)=O,44317244,0.002818
66,S=C(\N=C/1\c2c(N(CC(O)=O)C\1=O)cccc2)NCc1cc2c(cc1O)cccc2,145949765,0.002846
67,O(Cc1ccccc1)C(=O)NCCCC(N[C@H](C(=O)N1CCC[C@H]1C(O)=O)C)C(O)=O,44316798,0.002884
68,OC(=O)[C@H]1N(CCC1)C(=O)[C@@H](NC(C(O)=O)C1N(CCC1)C(=O)c1ccccc1)C,44316769,0.002884
69,OC(=O)C1N(CCC1)C(=O)C(NC(C(O)=O)C1N(CCC1)C(=O)c1ccccc1)C,44358418,0.0029
70,S(Cc1ccccc1)C[C@H](N[C@H]1CCc2c(N(CC(O)=O)C1=O)cccc2)C(O)=O,13500765,0.0029
71,FC(F)(F)C(O)=O.OC(=O)C1N(CCC1)C(=O)C(CC(=O)C(NC(=O)C(NC(=O)C1CCC1)CCCCN)Cc1ccccc1)C,44266572,0.003
72,S1C[C@H](NC(CCc2ccccc2)C(O)=O)C(=O)N(c2c1cccc2)CC(O)=O,13375125,0.003
73,OC(=O)[C@H]1N(CCC1)C(=O)[C@@H](N[C@@H](C[C@@H](NC(=O)c1ccccc1)Cc1ccccc1)C(O)=O)C,54560245,0.003
74,O(C)c1cc2CC(N(Cc2cc1OC)C(=O)C(NC(CCc1ccccc1)C(O)=O)C)C(O)=O,13044278,0.003
75,OC(=O)[C@H]1N(CCC1)C(=O)[C@@H](CC(=O)[C@H](NC(=O)c1ccccc1)Cc1ccccc1)C,44316753,0.00302
76,O=C1N(CC(O)=O)[C@@H](CCCC1NC(CCc1ccccc1)C(O)=O)C,44317125,0.00302
77,OC(=O)C1N(Cc2c1cccc2)C(=O)C(NC(CCc1ccccc1)C(O)=O)C,44301552,0.0031
78,OC(=O)C1N(CCC1)C(=O)C(NC(CCc1c2c(ccc1)cccc2)C(O)=O)C,44337754,0.003162
79,O=C1N2N(CC=CC2C(O)=O)C(=O)N1CC(O)=O,20557515,0.003162
80,OC(=O)[C@H]1N(CCC1)C(=O)CCC(=O)[C@@H](NC(=O)c1ccccc1)Cc1ccccc1,156271,0.0032
81,OC(=O)[C@H]1N(CCC1)C(=O)[C@@H](NC(=O)[C@@H](NC(=O)c1ccccc1)Cc1ccccc1)C,114973,0.0032
82,S(Cc1c2c(ccc1)cccc2)[C@@H]1N(C(=O)[C@@H](CS)C)[C@@H](CC1)C(O)=O,44586792,0.0032
83,P(O[C@@H](CCCCN)C(=O)N1C[C@@H](C[C@H]1C(O)=O)C1CCCCC1)(O)(=O)CCCCc1ccccc1,14630734,0.003236
84,O=C1N(C(=O)[C@@H](N[C@@H](CCC(C)C)C(O)=O)C)[C@@H](CN1Cc1ccccc1)C(O)=O,13456384,0.0033
85,S(Cc1ccc(cc1)C(C)C)[C@H]1N(C(=O)[C@@H](CS)C)[C@@H](CC1)C(O)=O,44586860,0.0033
86,O(Cc1ccccc1)C(=O)NC(CCCCN)C(=O)N[C@H](CCC(=O)N1[C@@H]2[C@H](C[C@H]1C(O)=O)CCCC2)C(O)=O,44317023,0.003467
87,O=C1NC[C@H](N1C(=O)[C@@H](N[C@@H](CCc1ccccc1)C(O)=O)C)C(O)=O,44331702,0.0035
88,SC[C@@H](C(=O)N1c2c(C[C@H]1C(O)=O)cccc2)C,22818650,0.0037
89,S1C[C@H](N(C(=O)CCS)[C@H]1c1ccccc1O)C(O)=O,71244,0.003715
90,[Si](O)(O)([C@@H](NC(=O)c1ccccc1)Cc1ccccc1)C[C@H](C(=O)N1CCC[C@H]1C(O)=O)C,11191083,0.0038
91,OC(=O)C1N(CCC1)C(=O)C(NC(CCc1ccccc1)C(O)=O)CCCCN,3937,0.003981
92,S1CCSC12C[C@H](N(C2)C(=O)CP(O)(=O)CCCCc1ccccc1)C(O)=O,13136852,0.003981
93,SC[C@@H](Cc1ccccc1)C(=O)N[C@H](C(=O)N1CCC[C@H]1C(O)=O)C,14390729,0.004
94,O=C1N(c2c(CC[C@@H]1N[C@@H](CCCCNC(OC(C)(C)C)=O)C(O)=O)cccc2)CC(O)=O,13500754,0.004
95,S(C[C@H](N[C@H]1CCc2c(N(CC(O)=O)C1=O)cccc2)C(O)=O)c1ccccc1,13500773,0.004
96,SC[C@H]1Cc2cc(CCCCC[C@H](NC1=O)C(O)=O)ccc2,10041763,0.004
97,O(CC)C(=O)[C@@H](N[C@H](C(=O)N1[C@@H]2[C@H](C[C@H]1C(O)=O)CCC2)C)CCc1ccccc1,5362129,0.004
98,SC[C@@H]1Cc2cc(CCCCC[C@H](NC1=O)C(O)=O)ccc2,10710922,0.004
99,S(C)c1ccc(cc1)CS[C@@H]1N(C(=O)[C@@H](CS)C)[C@@H](CC1)C(O)=O,44586857,0.0041
100,BrCCN1c2c(cccc2)\C(=N\C(=S)NCc2cc3c(cc2O)cccc3)\C1=O,145959902,0.00411
101,S(Cc1cc2c(cc1)cccc2)[C@@H]1N(C(=O)[C@@H](CS)C)[C@@H](CC1)C(O)=O,44586816,0.0042
102,O(CC(=O)C(NC(=O)c1ccccc1)Cc1ccccc1)CC(=O)N1CCC[C@@H]1C(O)=O,44386764,0.0044
103,SC[C@@H](Cc1ccccc1)C(=O)N[C@H]1COc2c(N(CC(O)=O)C1=O)cccc2,15380820,0.0044
104,Oc1ccc(cc1)CC(NC(=O)c1ccccc1)C(=O)CCC(=O)N1CCC[C@H]1C(O)=O,44386287,0.0047
105,OC(=O)[C@H]1N(c2c(C1)cccc2)C(=O)[C@@H](CC(CCc1ccccc1)C(O)=O)C,44317123,0.004786
106,SC[C@@H](Cc1ccccc1)C(=O)N[C@H]1CCc2c(N(CC(O)=O)C1=O)cccc2,10047309,0.0048
107,OC(=O)[C@H]1N(CCC1)C(=O)[C@@H](N[C@H](C[C@@H](NC(=O)c1ccccc1)Cc1ccccc1)C(O)=O)C,71454428,0.0048
108,O=C1N(CCCCCC1NC(CCc1ccccc1)C(O)=O)CC(O)=O,23322524,0.0048
109,O=C1N(c2c(CC[C@@H]1N[C@@H](CCCC)C(O)=O)cccc2)CC(O)=O,13500795,0.005
110,S[C@@H](Cc1ccccc1)C(=O)NC1CCC[C@@H]2N([C@@H](CCC2)C(O)=O)C1=O,44342310,0.005
111,S1C2N([C@@H](CCC2)C(O)=O)[C@@H](NC(=O)[C@@H](S)Cc2ccccc2)CCC1,44404953,0.005
112,P(O)(O)(=O)NC(C(=O)C1CCCC1C(O)=O)C,44337491,0.005012
113,OC(=O)[C@H]1N(CCC1)C(=O)[C@@H](NC(CCC(=O)Nc1ccccc1)C(O)=O)C,20834249,0.005248
114,OC(=O)C1N(CCC1)C(=O)C(NC(C(O)=O)C1N(CCC1)C(=O)NC(Cc1ccccc1)C(O)=O)C,44358282,0.0054
115,S[C@@H](CCCC)C(=O)N[C@H]1CCc2c(N(CC(O)=O)C1=O)cccc2,44295958,0.0054
116,OC(=O)[C@H]1N(CCC1)C(=O)CCC(=O)C(NC(=O)c1ccccc1)Cc1cccnc1,44384993,0.0057
117,OC(=O)C1N(CCc2c1cccc2)C(=O)C(NC(CCc1ccccc1)C(O)=O)C,44301544,0.0058
118,S[C@@H](Cc1ccccc1)C(=O)N[C@H]1CCCN(N(CC(O)=O)C1=O)CCC,44305131,0.006
119,OC(=O)C1N(CCC1)C(=O)C(NC(C(O)=O)C1N(CCC1)C(=O)NCC(O)=O)C,44358438,0.006
120,O=C1N(c2c(CC[C@@H]1N[C@@H](CCC)C(O)=O)cccc2)CC(O)=O,13500805,0.006
121,S[C@@H](CC(C)C)C(=O)N[C@H]1CCc2c(N(CC(O)=O)C1=O)cccc2,44295939,0.0063
122,OC(=O)[C@H]1N(Cc2c(C1)cccc2)C(=O)N(CC)C[C@H](CCc1ccccc1)C(O)=O,44317367,0.006457
123,S(CC[C@H](N[C@H]1CCc2c(N(CC(O)=O)C1=O)cccc2)C(O)=O)C,13500800,0.0065
124,O=C1N(C(=O)[C@@H](N[C@@H](CCc2ccccc2)C(O)=O)C)[C@@H](CN1CCCC)C(O)=O,13456423,0.0067
125,FC(F)(F)C(O)=O.OC(=O)C1N(CCC1)C(=O)CCC(=O)C(NC(=O)C(NC(=O)C1CCC1)CCCCN)Cc1ccccc1,44266590,0.007
126,S[C@@H](Cc1ccccc1)C(=O)N[C@H]1CCC(=O)N2N([C@@H](CCC2)C(O)=O)C1=O,44305193,0.007
127,S(CCc1ccccc1)C[C@H](N[C@H]1CCc2c(N(CC(O)=O)C1=O)cccc2)C(O)=O,13500770,0.007
128,O=C1N(c2c(CC[C@@H]1N[C@@H](CCCCN)C(O)=O)cccc2)CC(O)=O,71320,0.007
129,P(O)(O)(=O)[C@@H](NC(=O)[C@@H](NC(=O)[C@@H](NC(=O)C)[C@H](CC)C)Cc1ccccc1)Cc1ccc(O)cc1,18608376,0.007
130,P(O)(=O)(N[C@H](C(=O)N1CCC[C@H]1C(O)=O)C)CCc1ccccc1,14212864,0.007079
131,S=C(\N=C/1\c2c(N(Cc3ccc(OC)cc3)C\1=O)cccc2)NCc1cc2c(cc1O)cccc2,145951239,0.00764
132,OC(=O)[C@H]1N(CCC1)C(=O)[C@@H](N[C@@H]([C@@H](NC(=O)c1ccccc1)Cc1ccccc1)C(O)=O)C,54039314,0.0077
133,OC(=O)C1N(CCC1)C(=O)C(NC(CCC(C)C)C(O)=O)C,20445899,0.007943
134,S[C@@H](Cc1ccccc1)C(=O)N[C@H]1CCCN2N([C@@H](CCC2)C(O)=O)C1=O,44305370,0.008
135,O=C1N(CCCCCCC1NC(CCc1ccccc1)C(O)=O)CC(O)=O,13608331,0.0081
136,O(CC)C(=O)[C@@H](N[C@H](C(=O)N1Cc2c(C[C@H]1C(O)=O)cccc2)C)CCc1ccccc1,54892,0.0083
137,S(Cc1ccc(cc1)C(C)C)[C@@H]1N(C(=O)[C@@H](CS)C)[C@@H](CC1)C(O)=O,44586817,0.0084
138,O=C1N(c2c(CC[C@@H]1N[C@@H](Cc1ccccc1)C(O)=O)cccc2)CC(O)=O,13500778,0.008500001
139,Fc1cc(F)c(F)cc1C[C@@H](N)CC(=O)N[C@H]1C[C@H](N(C1)C(=O)[C@@H](N[C@@H](CCc1ccccc1)C(O)=O)CC)C(O)=O,53354470,0.0086
140,S=C(\N=C/1\c2c(N(C(=O)c3ccccc3)C\1=O)cccc2)NCc1cc2c(cc1O)cccc2,145963315,0.008841
141,SC[C@H](C(=O)N1[C@@H](CCC1=O)C(O)=O)C,44317203,0.008913
142,OC(=O)C1N(CCC1)C(=O)C(NC(C(O)=O)C1N(CCC1)C(=O)C)C,44358439,0.0094
143,S=C(\N=C\1/c2c(N(C/1=O)c1ccc(OC)cc1)cccc2)NCc1cc2c(cc1O)cccc2,145951970,0.00982
144,O(Cc1ccccc1)c1ccc(cc1)CC(NC(=O)c1ccccc1)C(=O)CCC(=O)N1CCC[C@H]1C(O)=O,44384727,0.01
145,S[C@@H](Cc1ccccc1)C(=O)N[C@H]1CCC(=O)N(N(CC(O)=O)C1=O)CCC,44305132,0.01
146,OC(=O)C1N(CCC1)C(=O)CCC(=O)C(NC(=O)c1ccccc1)Cc1ccccc1,335542,0.01
147,O=C1N(CC(O)=O)C(CCCC1NC(CCc1ccccc1)C(O)=O)C,13749504,0.01
148,SC1CCCCC1C(=O)NC(C(=O)N1CCCC1C(O)=O)C,13652520,0.01
149,O=C1N(c2c(CC[C@@H]1N[C@H](C(O)=O)COCc1ccccc1)cccc2)CC(O)=O,18601751,0.01
150,P(O)(=O)(CC(NC(=O)c1ccccc1)Cc1ccccc1)CC(=O)N1CCC[C@H]1C(O)=O,13588381,0.01
151,S=C(\N=C/1\c2c(N(C(=O)C)C\1=O)cccc2)NCc1cc2c(cc1O)cccc2,145953190,0.01067
152,O=C1N(C(=O)[C@@H](N[C@@H](Cc2ccccc2)C(O)=O)C)[C@@H](CN1Cc1ccccc1)C(O)=O,13456389,0.011
153,S=C(\N=C/1\c2c(N(CCC)C\1=O)cccc2)NCc1cc2c(cc1O)cccc2,145952431,0.0118
154,S(CC(=O)C(NC(=O)c1ccccc1)Cc1ccccc1)CC(=O)N1CCC[C@@H]1C(O)=O,44386845,0.012
155,S[C@@H](Cc1ccccc1)C(=O)N[C@H]1CCc2c(N(CC(O)=O)C1=O)cccc2,9801007,0.012
156,S[C@@H](Cc1ccccc1)C(=O)N[C@H]1CCCN2N([C@@H](CC2)C(O)=O)C1=O,44305372,0.012
157,S[C@@H](Cc1ccccc1)C(=O)NC1CCCC(N(CC(O)=O)C1=O)(C)C,44342309,0.012
158,P(O)(=O)(CC(=O)N1CCC[C@H]1C(O)=O)C[C@@H](NC(=O)c1ccccc1)CCc1ccccc1,71462052,0.012
159,OC(=O)[C@H]1N([C@@H]2[C@H](C1)CCCC2)C(=O)CC[C@@H](NC(=O)C(N)CCCCN)C(O)=O,44317098,0.01202
160,O(Cc1ccccc1)C(=O)NC(CCCCN)C(=O)N[C@H](CCC(=O)N1CCC[C@H]1C(O)=O)C(O)=O,44316849,0.01202
161,SCC(C(=O)N1c2c(CC1C(O)=O)cccc2)C,494324,0.01259
162,S1CCSC12CC(N(C2)C(=O)CP(O)(=O)CCCCc1ccccc1)C(O)=O,13136851,0.01259
163,S1C[C@H](NC(=O)[C@@H](S)Cc2ccccc2)C(=O)N(c2c1cccc2)CC(O)=O,15380813,0.013
164,S[C@@H](Cc1ccccc1)C(=O)N[C@H]1[C@H](Oc2c(N(CC(O)=O)C1=O)cccc2)C,44296036,0.013
165,O=C1N(c2c(CC[C@@H]1N[C@@H](Cc1c3c([nH]c1)cccc3)C(O)=O)cccc2)CC(O)=O,44288065,0.013
166,O=C1N(c2c(CC[C@@H]1N[C@@H](CCCCNC(OCc1ccccc1)=O)C(O)=O)cccc2)CC(O)=O,13339952,0.013
167,S[C@@H](Cc1ccccc1)C(=O)N[C@@H](Cc1c2c(ccc1)cccc2)C(=O)N1CCC[C@H]1C(O)=O,44376705,0.014
168,S1C[C@H](NC(=O)[C@@H](S)Cc2ccccc2)C(=O)N(c2c1cccc2)CCC(O)=O,44295879,0.014
169,S[C@@H](Cc1ccccc1)C(=O)N[C@H](C(=O)N(CC(O)=O)c1ccccc1)C,44295966,0.014
170,O(C(CCc1ccccc1)C(OCC)=O)C(C(=O)N1Cc2c(CC1C(O)=O)cccc2)C,44459680,0.014
171,O(Cc1ccccc1)C(=O)[C@H]1N(CCC1)C(=O)CCC(=O)C(NC(=O)c1ccccc1)Cc1cccnc1,44384730,0.015
172,O=C1N(c2c(CC[C@@H]1N[C@@H](CCCCNC(OCc1ccccc1)=O)C(OCC)=O)cccc2)CC(O)=O,13500752,0.015
173,S(CCCc1ccc(cc1)C(C)C)[C@@H]1N(C(=O)[C@@H](CS)C)[C@@H](CC1)C(O)=O,44586819,0.015
174,Clc1ccccc1N1c2c(cccc2)\C(=N\C(=S)NCc2cc3c(cc2O)cccc3)\C1=O,145958042,0.01511
175,O(Cc1ccccc1)C(=O)N1CCCC1C(=O)N[C@H](CCC(=O)N1[C@@H]2[C@H](C[C@H]1C(O)=O)CCCC2)C(O)=O,44317022,0.01514
176,P(O[C@@H](CCCCN)C(=O)N1C[C@@H](O)C[C@H]1C(O)=O)(O)(=O)CCCCc1ccccc1,14630771,0.01585
177,S[C@@H](Cc1ccccc1)C(=O)N[C@H]1CCC(=O)N(N(CC(O)=O)C1=O)C,44305391,0.016000001
178,S[C@@H](Cc1ccccc1)C(=O)N[C@H]1CCCN(N(CC(O)=O)C1=O)C,44305121,0.016000001
179,S1C[C@H](NC(=O)[C@H](Cc2ccccc2)CS)C(=O)N(c2c1cccc2)CC(O)=O,15380810,0.017000001
180,OC(=O)[C@H]1N(CCC1)C(=O)[C@@H](N[C@@H](CNC(=O)c1ccccc1)C(O)=O)C,54082602,0.017000001
181,S[C@@H](Cc1ccccc1)C(=O)N[C@@H](Cc1cc2c(cc1)cccc2)C(=O)N1CCC[C@H]1C(O)=O,44376704,0.017999999
182,S[C@@H](Cc1ccccc1)C(=O)N[C@H]1[C@H](Oc2c(N(CCC(O)=O)C1=O)cccc2)C,44296019,0.017999999
183,SCC(Cc1ccccc1)C(=O)N[C@@H]1C[C@H](N(C1)C(=O)[C@@H](CS)C)C(O)=O,44323192,0.017999999
184,SCC(C(=O)N1Cc2c(CC1C(O)=O)cccc2)C,12942866,0.017999999
185,S=C(\N=C/1\c2c(N(C\1=O)c1ccccc1)cccc2)NCc1cc2c(cc1O)cccc2,145953611,0.01897
186,O=C1N(CCCCC1NC(CCc1ccccc1)C(O)=O)CC(O)=O,13749498,0.018999999
187,Clc1nc(n(Cc2ccc(cc2)-c2ccccc2-c2nn[nH]n2)c1CO)CCCC,3961,0.018999999
188,S(CCc1ccc(cc1)C(C)C)[C@@H]1N(C(=O)[C@@H](CS)C)[C@@H](CC1)C(O)=O,44586818,0.018999999
189,S1CC(N(C(=O)CCS)C1c1ccccc1O)C(O)=O,122113,0.019950001
190,SC[C@H](C(=O)N1Cc2c(C[C@H]1C(O)=O)cccc2)C,12942868,0.019950001
191,O1CCCC1C(=O)NC(Cc1ccccc1)C(=O)CCC(=O)N1CCC[C@H]1C(O)=O,44385628,0.02
192,S[C@@H](Cc1ccccc1)C(=O)N[C@H]1CCC(=O)N2N([C@@H](CC2)C(O)=O)C1=O,44305173,0.02
193,S(Cc1ccc(cc1)CC)C[C@H](NC(=O)[C@@H](CS)C)C(O)=O,44581584,0.021
194,OC(=O)[C@@H](NC(=O)C(N[C@H](C(O)=O)C)[C@H](CC)C)Cc1ccc(cc1)-c1ccccc1,44324831,0.022
195,S[C@@H](CC1CCCCC1)C(=O)N[C@H]1CCc2c(N(CC(O)=O)C1=O)cccc2,44295979,0.022
196,S[C@@H](Cc1ccccc1)C(=O)N[C@H]1CCCCN(CC(O)=O)C1=O,11792153,0.022
197,S=C(\N=C/1\c2c(N(C)C\1=O)cccc2)NCc1cc2c(cc1O)cccc2,145957046,0.022299999
198,OC(=O)[C@@H](NC(=O)[C@@H](N[C@H](C(O)=O)C)C(C)C)Cc1ccc(cc1)-c1ccccc1,44324830,0.023
199,SC[C@H](C(=O)N1CCCC1C(O)=O)C,448982,0.023
200,Oc1cc(ccc1O)C[C@H](NC(=O)N(CC(C)C)C[C@H](O)C(O)=O)C(O)=O,44454674,0.023
201,S[C@H](C(=O)N[C@H]1CCc2c(N(CC(O)=O)C1=O)cccc2)C,44295941,0.024
202,O(C(CCc1ccccc1)C(OCC)=O)C(C(=O)N1C2C(CC1C(O)=O)CCCC2)C,44459897,0.024
203,S=C(\N=C/1\c2c(N(C(=O)c3ccc(cc3)C)C\1=O)cccc2)NCc1cc2c(cc1O)cccc2,145953329,0.024219999
204,P(O)(O)(=O)CN[C@@H](C(C)C)C(=O)N[C@@H](Cc1ccc(cc1)-c1ccccc1)C(O)=O,10071569,0.025
205,S[C@@H](Cc1ccccc1)C(=O)NC1CCCc2c(N(CC(O)=O)C1=O)cccc2,15838530,0.025
206,P(O)(=O)(NC(C(=O)N1CCCC1C(O)=O)C)CCc1ccccc1,14212863,0.025119999
207,S[C@H](Cc1ccccc1)C(=O)N[C@@H](Cc1c2c(ccc1)cccc2)C(=O)N1CCC[C@H]1C(O)=O,44376860,0.027000001
208,OC(=O)[C@H](NC(=O)CCC(=O)C(NC(=O)c1ccccc1)Cc1ccccc1)Cc1ccccc1,44385438,0.028000001
209,S[C@@H](Cc1ccccc1)C(=O)N[C@H]1COc2c(N(CC(O)=O)C1=O)cccc2,15380821,0.028000001
210,O(CCCC)C(=O)NC(Cc1ccccc1)C(=O)CC(C(=O)N1CCCC1C(O)=O)C,12854269,0.028999999
211,P(O)(O)(=O)CN(CC(C)C)C(=O)N[C@@H](Cc1cc2c(cc1)cccc2)C(O)=O,44454833,0.028999999
212,S[C@@H](C(C)C)C(=O)NC1CCc2c3N([C@@H](Cc3ccc2)C(O)=O)C1=O,22874526,0.029999999
213,S[C@@H](Cc1ccccc1)C(=O)N[C@H](C(=O)N1CCC[C@H]1C(O)=O)C,9998020,0.029999999
214,P(O)(O)(=O)C(N[C@H](C(=O)N1[C@@H]2[C@H](C[C@H]1C(O)=O)CCCC2)C)CCC,72697596,0.029999999
215,S[C@@H](Cc1ccccc1)C(=O)N[C@H]1COc2c(N(CCC(O)=O)C1=O)cccc2,44296037,0.030999999
216,SCC(C(=O)N1C(CCC1=O)C(O)=O)C,23330158,0.03162
217,OC=1C=C(CCC(O)=O)C(=O)N2C=1CCC2C(O)=O,137365,0.03162
218,S[C@@H](Cc1ccccc1)C(=O)N[C@H]1Cc2c(CN(CC(O)=O)C1=O)cccc2,15838528,0.033
219,S(Cc1ccccc1)C[C@H](NC(=O)[C@@H](CS)C)C(O)=O,10448308,0.034000002
220,OC(=O)[C@@H](NC(=O)N(CC(C)C)C[C@H](O)C(O)=O)Cc1ccc(cc1)-c1ccccc1,9932329,0.035
221,SC[C@@H](Cc1ccccc1)C(=O)N[C@H]1CCc2c(N(CCC(O)=O)C1=O)cccc2,44295891,0.035999998
222,S[C@@H](Cc1ccccc1)C(=O)N[C@H]1CCc2c(N(CCC(O)=O)C1=O)cccc2,44295892,0.035999998
223,S[C@@H](Cc1ccccc1)C(=O)N[C@H]1[C@@H](Oc2c(N(CC(O)=O)C1=O)cccc2)C,44295893,0.035999998
224,P(O[C@@H](CCCCN)C(=O)N1CCC[C@H]1C(O)=O)(O)(=O)CCCCc1ccccc1,189729,0.036309998
225,O=C1c2cc(ccc2-c2c1cccc2)CN(C[C@H](O)C(O)=O)C(=O)N[C@@H](Cc1cc2c(cc1)cccc2)C(O)=O,44454596,0.039000001
226,P(OC(C(=O)N1CCCC1C(O)=O)C)(O)(=O)C(NC(=O)c1ccccc1)CCc1ccccc1,13335293,0.039810002
227,OC(=O)C(N[C@H](C(=O)N(CC(O)=O)C1Cc2c(C1)cccc2)C)CCc1ccccc1,13135337,0.039810002
228,S[C@@H](Cc1ccccc1)C(=O)N[C@H]1CCc2c3N([C@@H](Cc3ccc2)C(O)=O)C1=O,9822830,0.039999999
229,OC(=O)[C@H]1N(CCC1)C(=O)[C@@H](NC(CNC(=O)c1ccccc1)C(O)=O)C,71449055,0.039999999
230,O=C1N(c2c(CC[C@@H]1N[C@@H](CCCCN)C(OCC)=O)cccc2)CC(O)=O,13500748,0.039999999
231,O=C1c2c(ccc(c2)CN(C[C@H](O)C(O)=O)C(=O)N[C@@H](Cc2cc3c(cc2)cccc3)C(O)=O)C(=O)c2c1cccc2,44454536,0.039999999
232,P(O)(O)(=O)C(N[C@H](C(=O)N1[C@@H]2[C@H](C[C@H]1C(O)=O)CCCC2)C)CCc1ccccc1,72697595,0.039999999
233,P(OCc1ccccc1)(O)(=O)N[C@H](C(=O)N1CCC[C@H]1C(O)=O)C,44280449,0.040739998
234,S[C@@H]([C@@H](CC)C)C(=O)NC1CCc2c3N([C@@H](Cc3ccc2)C(O)=O)C1=O,22874530,0.041000001
235,OC(=O)[C@@H]1N(CCC1)C(=O)CCCC(=O)C(NC(=O)c1ccccc1)Cc1ccccc1,44387004,0.041999999
236,OC(=O)[C@H]1N(CCC1)C(=O)CCCC(=O)C(NC(=O)c1ccccc1)Cc1ccccc1,44384800,0.041999999
237,SCC(Cc1ccccc1)C(=O)N[C@H]1C[C@H](N(C1)C(=O)[C@@H](N[C@@H](CCc1ccccc1)C(O)=O)C)C(O)=O,44323117,0.041999999
238,SCC(NC(=O)N[C@H]1C[C@H](N(C1)C(=O)[C@@H](N[C@@H](CCc1ccccc1)C(O)=O)C)C(O)=O)Cc1ccccc1,44323100,0.043000001
239,SC[C@H](C(=O)N1C[Si](C[C@H]1C(O)=O)(C)C)C,145984090,0.043000001
240,P(O)(O)(=O)[C@@H](N[C@@H](Cc1ccccc1)C(=O)N[C@@H](Cc1ccc(cc1)-c1ccccc1)C(O)=O)C,44325207,0.044
241,O(CC)C(=O)[C@@H](N[C@H](C(=O)N1Cc2c(cccc2)[C@H]1C(O)=O)C)CCc1ccccc1,54468999,0.044
242,O=C1N(c2c(CC[C@@H]1N[C@@H](CC(C)C)C(O)=O)cccc2)CC(O)=O,13500790,0.045000002
243,OC(=O)[C@H]1N(CCC1)C(=O)[C@H](CC(=O)[C@@H](NC(=O)c1ccccc1)Cc1ccccc1)C,44328851,0.046
244,OC(=O)[C@H]1N(CCC1)C(=O)CCC(=O)C(NC(=O)c1ccccc1C)Cc1ccccc1,44384569,0.046
245,OC(=O)C1N(CCC1)C(=O)CCC(=O)[C@@H](NC(=O)CCCCC)Cc1ccccc1,44459887,0.046999998
246,SC1CCC1C(=O)N1CCC[C@H]1C(O)=O,22823240,0.048980001
247,P(O)(O)(=O)CN[C@@H]([C@@H](CC)C)C(=O)N[C@@H](Cc1ccc(cc1)-c1ccccc1)C(O)=O,44324877,0.050000001
248,O=C1N[C@@H](CC1)C(=O)N[C@@H](CCCCN)C(=O)N[C@@H](Cc1ccccc1)C(=O)N[C@H](C(=O)N1CCC[C@H]1C(O)=O)C,10393285,0.050000001
249,SC(Cc1ccccc1)C(=O)N[C@@H](C(=O)N1CCC[C@H]1C(O)=O)C,44317145,0.05012
250,Fc1cc(F)c(F)cc1C[C@@H](N)CC(=O)N[C@H]1C[C@H](N(C1)C(=O)[C@@H](N[C@@H](CCc1ccccc1)C(O)=O)CCC)C(O)=O,53354365,0.050999999
251,P(O)(O)(=O)C(N[C@H](C(=O)N1CCC[C@H]1C(O)=O)C)CCc1ccccc1,44316850,0.051290002
252,OC(=O)[C@@H](NC(=O)N(CC(C)C)C[C@H](O)C(O)=O)Cc1cc2c(cc1)cccc2,9844054,0.052000001
253,SCC1CCCCC(C(C(O)=O)C)C1=O,44317122,0.052480001
254,P(O)(O)(=O)CN[C@@H](Cc1cc2c(cc1)cccc2)C(=O)N[C@@H](Cc1ccc(cc1)-c1ccccc1)C(O)=O,44325166,0.052999999
255,O=C1N2N(CC[C@@H]1NC(CCc1ccccc1)C(O)=O)CCC[C@H]2C(O)=O,44317140,0.056230001
256,S[C@@H](Cc1ccccc1)C(=O)N[C@@H](Cc1ccc(cc1)-c1ccccc1)C(=O)N1CCC[C@H]1C(O)=O,10458734,0.057
257,S[C@@H](Cc1ccccc1)C(=O)N[C@H]1CCCNN(CC(O)=O)C1=O,44305140,0.059999999
258,Oc1ccc(cc1)C[C@H](NC(=O)N(CC(C)C)C[C@H](O)C(O)=O)C(O)=O,44454700,0.059999999
259,S[C@@H](C(C)C)C(=O)N[C@@H](Cc1ccc(cc1)-c1ccccc1)C(=O)N[C@@H](Cc1ccc(O)cc1)C(O)=O,44364646,0.061999999
260,S[C@@H](Cc1ccccc1)C(=O)N[C@@H]1CCc2c3N([C@@H](Cc3ccc2)C(O)=O)C1=O,71456155,0.061999999
261,S(C(=O)c1ccccc1)C1CCCC1C(=O)N1CCCC1C(O)=O,20430909,0.063100003
262,SCC(N)C(=O)N1CCC[C@H]1C(O)=O,44317221,0.063100003
263,SC1CCCC1C(=O)N1CCC[C@H]1C(O)=O,44317202,0.064570002
264,OC(=O)CNC([C@H](CC)C)C(=O)N[C@@H](Cc1ccc(cc1)-c1ccccc1)C(O)=O,44325102,0.064999998
265,OC(=O)[C@H]1N(CCC1)C(=O)CNCC(=O)[C@@H](NC(=O)c1ccccc1)Cc1ccccc1,44328238,0.07
266,OC(=O)[C@H]1N(CCC1)C(=O)CCC(=O)C(NC(=O)c1ccccc1)Cc1ccccc1,12854254,0.07
267,SC[C@@H]1CC(=O)N2N([C@@H](CCC2)C(O)=O)C1=O,44317350,0.07079
268,[Si](O)(O)([C@H](NC(=O)c1ccccc1)Cc1ccccc1)C[C@@H](C(=O)N1CCC[C@H]1C(O)=O)C,11442784,0.071999997
269,P(O)(=O)(C(NC(=O)c1ccccc1)CCc1ccccc1)CC(=O)N1CCC[C@H]1C(O)=O,13104362,0.072439998
270,P(O)(O)(=O)[C@@H](NC(=O)[C@@H](NC(=O)[C@@H](NC(=O)C)[C@H](CC)C)CC(C)C)Cc1ccc(O)cc1,90655798,0.075999998
271,S[C@@H](Cc1ccccc1)C(=O)N[C@@H](Cc1ccc(cc1)-c1ccccc1)C(O)=O,44377126,0.079999998
272,O(C(=O)[C@H]1N(CCC1)C(=O)CCC(=O)C(NC(=O)c1ccccc1)Cc1ccccc1)C,44386281,0.082000002
273,O(Cc1ccccc1)c1ccc(cc1)CC(NC(=O)c1ccccc1)C(=O)CCC(=O)N1CCC[C@H]1C(OCc1ccccc1)=O,12854279,0.086000003
274,O(C(CCc1ccccc1)C(O)=O)C(C(=O)N1Cc2c(CC1C(O)=O)cccc2)C,44459614,0.086000003
275,SCC(Cc1ccccc1)C(=O)N[C@H]1C[C@H](N(C1)C(=O)[C@@H](CS)C)C(O)=O,9822849,0.086999997
276,S[C@@H](Cc1ccc(cc1)-c1ccccc1)C(=O)NC1CCc2c3N([C@@H](Cc3ccc2)C(O)=O)C1=O,22874524,0.089000002
277,OC(=O)[C@H]1N(CCC1)C(=O)[C@H](NC(C(O)=O)C)C,44368523,0.090000004
278,P(O)(O)(=O)CN[C@@H](C(C)C)C(=O)N[C@@H](Cc1ccc(OC(C)C)cc1)C(O)=O,10432045,0.092
279,O=C1N(CCCCC[C@H]1N[C@H](CCc1ccccc1)C(O)=O)CC(O)=O,118718824,0.092
280,S[C@@H](C(C)C)C(=O)N[C@@H](Cc1ccc(cc1)-c1ccccc1)C(=O)N[C@H](C(O)=O)CO,44376665,0.1
281,P(O)(O)(=O)CN[C@@H](C(C)C)C(=O)N[C@@H](CCc1ccccc1)C(O)=O,44325055,0.1
282,S[C@H](C(=O)NC1CCc2c3N([C@@H](Cc3ccc2)C(O)=O)C1=O)C1CCCCC1,22874522,0.1
283,SCC[C@@]1(C)C(=O)N2N(CC=C[C@H]2C(O)=O)C1=O,44316799,0.1
284,OC(=O)[C@H]1N([C@@H]2[C@H](C1)CCCC2)C(=O)CC[C@@H](NC(=O)C(N)Cc1ccccc1)C(O)=O,44316996,0.1
285,O(CC)C(=O)[C@@H](N[C@H](C(=O)N1C2C(C[C@H]1C(O)=O)CCCC2)C)CCc1ccccc1,13069290,0.1
286,S(Cc1ccc(F)cc1)C[C@H](NC(=O)[C@@H](CS)C)C(O)=O,44581551,0.1
287,S(Cc1ccc(OC)cc1)C[C@H](NC(=O)[C@@H](CS)C)C(O)=O,44581623,0.1
288,OC(=O)[C@@H](NC(=O)N(CC(C)C)C[C@H](O)C(O)=O)Cc1c2c([nH]c1)cccc2,44454780,0.103
289,O(C(CCc1ccccc1)C(O)=O)C(C(=O)N1CCCC1C(O)=O)C,44459545,0.11
290,OC(=O)[C@@H](NC(=O)N(CC(C)C)C[C@H](O)C(O)=O)Cc1c2c(ccc1)cccc2,44454730,0.11
291,S=C(\N=C/1\c2c(N(CC(=O)C)C\1=O)cccc2)NCc1cc2c(cc1O)cccc2,145958358,0.112
292,P(O)(O)(=O)CN[C@@H](Cc1ccccc1)C(=O)N[C@@H](Cc1ccc(cc1)-c1ccccc1)C(O)=O,44325092,0.117
293,SC[C@@H]1Cc2cc(CCCCCC[C@H](NC1=O)C(O)=O)ccc2,10759255,0.118
294,P(O)(O)(=O)CN[C@@H](C(C)C)C(=O)N[C@@H](Cc1ccc(cc1)C1CCCCC1)C(O)=O,44325087,0.122
295,SC1CCCC1C(=O)N1CCCC1C(O)=O,20430913,0.12589
296,SCC1CC(=O)N2N(C1=O)C(CCC2)C(O)=O,13144539,0.12589
297,S(C(=O)C)CC(C(=O)N1Cc2c(CC1C(O)=O)cccc2)C,12883918,0.13
298,S(Cc1ccc(cc1)C(C)(C)C)C[C@H](NC(=O)[C@@H](CS)C)C(O)=O,44581587,0.13
299,P(O)(O)(=O)CN[C@@H]([C@H](C)c1ccccc1)C(=O)N[C@@H](Cc1ccc(cc1)-c1ccccc1)C(O)=O,44325222,0.138
300,SC[C@@H](Cc1ccccc1)C(=O)NCC(O)=O,4369380,0.14
301,S(C(CCc1ccccc1)C(O)=O)C(C(=O)N1C2C(C[C@H]1C(O)=O)CCCC2)C,57394944,0.14
302,SCC(Cc1ccccc1)C(=O)NCC(O)=O,3132,0.14
303,P(O)(O)(=O)CN[C@@H](Cc1cc2OCOc2cc1)C(=O)N[C@@H](Cc1ccc(cc1)-c1ccccc1)C(O)=O,44325081,0.147
304,SCC(NC(=O)N[C@H]1C[C@H](N(C1)C(=O)[C@@H](CS)C)C(O)=O)Cc1ccccc1,44323191,0.147
305,O=C(NC(Cc1ccccc1)C(=O)CCC(=O)N1CCC[C@H]1C(=O)N)c1ccccc1,44386286,0.15000001
306,OC(=O)[C@@H](NC(=O)N(Cc1cc2Cc3c(-c2cc1)cccc3)C[C@H](O)C(O)=O)Cc1cc2c(cc1)cccc2,44454905,0.15000001
307,Fc1cc(F)c(F)cc1C[C@@H](N)CC(=O)N[C@H]1C[C@H](N(C1)C(=O)[C@@H](N[C@@H](CCc1ccccc1)C(O)=O)C)C(O)=O,53353383,0.15800001
308,SC1CCC1C(=O)N1CCCC1C(O)=O,20430901,0.15849
309,P(O)(O)(=O)CN[C@@H](Cc1ccccc1OC)C(=O)N[C@@H](Cc1ccc(cc1)-c1ccccc1)C(O)=O,44325232,0.16
310,SC(CC(=O)NC(Cc1ccc(O)cc1)C(O)=O)C(F)(F)F,45267767,0.16
311,S[C@H](C(=O)NC1CCc2c3N([C@@H](Cc3ccc2)C(O)=O)C1=O)C,44329454,0.16500001
312,S[C@@H](C(C)C)C(=O)N[C@@H](Cc1ccc(cc1)-c1ccccc1)C(=O)N[C@@H](C(C)C)C(O)=O,44376661,0.175
313,SC[C@H]1Cc2cc(CCCCCC[C@H](NC1=O)C(O)=O)ccc2,9840687,0.175
314,O(Cc1ccccc1)C(=O)C(NC(=O)CCC(=O)C(NC(=O)c1ccccc1)Cc1ccccc1)Cc1ccccc1,44385527,0.18000001
315,S[C@H](C(=O)N[C@@H](Cc1ccc(cc1)-c1ccccc1)C(=O)N1CCC[C@H]1C(O)=O)c1cc2OCOc2cc1,44376688,0.183
316,SC(Cc1ccccc1)(C(=O)N[C@H]1CCc2c(N(CC(O)=O)C1=O)cccc2)C,44295920,0.183
317,OC(=O)[C@@H](NC(=O)N(CC(C)(C)C)C[C@H](O)C(O)=O)Cc1cc2c(cc1)cccc2,44454648,0.191
318,OCc1n2c(nc1CN(C)[C@H]1CCCc3c1nccc3)C=CC=C2N1CCN(CC1)C,11718722,0.193
319,S1CCSC12C[C@H](N(C2)C(=O)[C@@H](N[C@@H](CCc1ccccc1)C(OCC)=O)CCCCN)C(O)=O,14540994,0.2
320,SCCC(=O)N1CCC[C@@H]1C(O)=O,44317006,0.2
321,O(CC)C(=O)[C@H](N[C@H](C(=O)N1Cc2c(C[C@H]1C(O)=O)cccc2)C)CCc1ccccc1,24721360,0.2
322,S(C(C)c1ccc(cc1)C(C)C)C[C@H](NC(=O)[C@@H](CS)C)C(O)=O,44581662,0.2
323,O(CCCC)C(=O)NC(Cc1ccccc1)C(=O)CCC(=O)N1CCCC1C(O)=O,12854268,0.20999999
324,S(Cc1ccc(cc1)CCC)C[C@H](NC(=O)[C@@H](CS)C)C(O)=O,44581585,0.20999999
325,OC(=O)[C@H]1N([C@@H]2[C@H](C1)CCCC2)C(=O)CC[C@@H](NC(=O)[C@@H](N)Cc1ccccc1)C(O)=O,44316995,0.21878
326,O(C(CCc1ccccc1)C(OCC)=O)C(C(=O)N1CCCC1C(O)=O)C,44459908,0.22
327,S(=O)(C(CCc1ccccc1)C(OCC)=O)C(C(=O)N1C2C(C[C@H]1C(O)=O)CCCC2)C,57396692,0.22
328,S[C@H](Cc1ccccc1)C(=O)N[C@@H](Cc1ccc(cc1)-c1ccccc1)C(=O)N1CCC[C@H]1C(O)=O,44376945,0.229
329,P(O)(O)(=O)CN[C@@H](C(C)C)C(=O)N[C@@H](Cc1c2c([nH]c1)cccc2)C(O)=O,44325086,0.23999999
330,O(Cc1ccccc1)C(=O)NC(Cc1ccccc1)C(=O)CCC(=O)N1CCC[C@H]1C(O)=O,44384992,0.23999999
331,S(Cc1ccc(cc1)C)C[C@H](NC(=O)[C@@H](CS)C)C(O)=O,44581554,0.23999999
332,Clc1ccc(cc1)CSC[C@H](NC(=O)[C@@H](CS)C)C(O)=O,44581552,0.25
333,SC1(CCCC1)C(=O)NC1CCc2c3N([C@@H](Cc3ccc2)C(O)=O)C1=O,22874513,0.25299999
334,SCC(Cc1ccccc1)C(=O)N[C@@H]1C[C@H](N(C1)C(=O)[C@@H](N[C@@H](CCc1ccccc1)C(O)=O)C)C(O)=O,44323101,0.25299999
335,OC(=O)[C@H]1N(C2C(C1)CCCC2)C(=O)[C@@H](N[C@@H](CCc1ccccc1)C(O)=O)C,9978465,0.25999999
336,S(Cc1ccc(OC(F)(F)F)cc1)C[C@H](NC(=O)[C@@H](CS)C)C(O)=O,44581624,0.25999999
337,S(C(C)(C)c1ccc(cc1)C(C)C)C[C@H](NC(=O)[C@@H](CS)C)C(O)=O,44581703,0.25999999
338,Fc1cc(F)c(F)cc1C[C@@H](N)CC(=O)N[C@H]1C[C@H](N(C1)C(=O)[C@@H](N[C@@H](CCc1ccccc1)C(O)=O)CCCC)C(O)=O,53354369,0.27900001
339,S(Cc1ccc(cc1)C1CCCCC1)[C@@H]1N(C(=O)[C@@H](CS)C)[C@@H](CC1)C(O)=O,44586859,0.28
340,Brc1ccc(cc1)CSC[C@H](NC(=O)[C@@H](CS)C)C(O)=O,44581553,0.28
341,S(Cc1ccc(cc1)-c1ccccc1)C[C@H](NC(=O)[C@@H](CS)C)C(O)=O,44581588,0.28
342,SC(CC(=O)NC(Cc1ccccc1)C(=O)NC(Cc1ccc(O)cc1)C(O)=O)C(F)(F)F,45269496,0.28
343,S[C@H](Cc1ccccc1)C(=O)NC1CCc2c3N([C@@H](Cc3ccc2)C(O)=O)C1=O,22874515,0.28299999
344,S[C@H](Cc1ccccc1)C(=O)N[C@H]1CCc2c(N(CC(O)=O)C1=O)cccc2,15380817,0.28400001
345,S(Cc1ccc(OC)cc1)C[C@@H](NC(=O)[C@@H](Cc1ccccc1)CS)C(O)=O,44461233,0.28999999
346,OC(=O)[C@H]1N(CCC1)C(=O)CCC(=O)C(NC(=O)c1ccccc1)C,44384776,0.30000001
347,S(C(=O)C)CC(C(=O)Nc1ccccc1)C,2828746,0.30000001
348,O(C)c1cc2CC(N(Cc2cc1OC)C(=O)C(NC(CCc1ccccc1)C(OCC)=O)C)C(OCc1ccccc1)=O,13044267,0.30000001
349,SC(C(Cc1ccccc1)C(=O)NC(C(CC)C)C(=O)NC(Cc1ccc(O)cc1)C(O)=O)C,44384394,0.30000001
350,S(Cc1ccc(cc1)C#N)C[C@H](NC(=O)[C@@H](CS)C)C(O)=O,44581628,0.30000001
351,S(C)c1ccc(cc1)CSC[C@H](NC(=O)[C@@H](CS)C)C(O)=O,44581659,0.30000001
352,S(Cc1ccc(cc1)C(C)C)C[C@H](NC(=O)[C@@H](CS)C)C(O)=O,44581586,0.30000001
353,S(=O)(=O)(C)c1ccc(cc1)CSC[C@H](NC(=O)[C@@H](CS)C)C(O)=O,44581660,0.30000001
354,SC(CC(=O)NC(Cc1ccc(F)cc1)C(O)=O)C(F)(F)F,45272068,0.30000001
355,S[C@H](Cc1ccccc1)C(=O)N[C@@H](Cc1cc2c(cc1)cccc2)C(=O)N1CCC[C@H]1C(O)=O,44376881,0.30399999
356,S[C@@H](Cc1ccccc1)C(=O)N[C@@H]1CCc2c(N(CC(O)=O)C1=O)cccc2,15380816,0.30599999
357,S[C@@H](C(C)C)C(=O)N[C@@H](Cc1ccc(cc1)-c1ccccc1)C(=O)N1CCC[C@H]1C(O)=O,44376644,0.31900001
358,S(Cc1ccc([N+](=O)[O-])cc1)C[C@H](NC(=O)[C@@H](CS)C)C(O)=O,44581658,0.31999999
359,OC(=O)[C@H]1N(CCC1)C(=O)[C@@H](NC(CCN)C(O)=O)C,44316829,0.32359001
360,OC(=O)[C@H]1N(CCC1)C(=O)CCC(=O)C(NC(=O)C)Cc1ccccc1,44385470,0.33000001
361,P(O[C@@H](CCCCN)C(=O)N1C[C@@H](C[C@H]1C(O)=O)c1ccccc1)(O)(=O)CCCCc1ccccc1,14630741,0.33884001
362,S(C(CC)c1ccc(cc1)C(C)C)C[C@H](NC(=O)[C@@H](CS)C)C(O)=O,44581663,0.34
363,S(Cc1ccc(cc1)C(F)(F)F)C[C@H](NC(=O)[C@@H](CS)C)C(O)=O,44581555,0.34
364,S(Cc1ccc(OCC)cc1)C[C@H](NC(=O)[C@@H](CS)C)C(O)=O,44581625,0.34
365,SC(C(=O)N[C@@H](Cc1c2c([nH]c1)cccc2)C(O)=O)C,22799800,0.36307999
366,S(Cc1ccc(Oc2ccccc2)cc1)C[C@H](NC(=O)[C@@H](CS)C)C(O)=O,44581626,0.37
367,S[C@@H](C(=O)N[C@@H](Cc1ccc(cc1)-c1ccccc1)C(=O)N1CCC[C@H]1C(O)=O)c1cc2OCOc2cc1,44376922,0.37799999
368,s1cccc1C[C@H](NCP(O)(O)=O)C(=O)N[C@@H](Cc1ccc(cc1)-c1ccccc1)C(O)=O,44324645,0.38499999
369,O(Cc1ccccc1)C(=O)NC(C(=O)N[C@H](CCC(=O)N1CCC[C@H]1C(O)=O)C(O)=O)C,44316742,0.38905001
370,SC(CC(=O)NC(Cc1c2c([nH]c1)cccc2)C(O)=O)C(F)(F)F,45270333,0.40000001
371,S(Cc1ccc(cc1)C(C)(C)C)[C@@H]1N(C(=O)[C@@H](CS)C)[C@@H](CC1)C(O)=O,44586858,0.41
372,P(O)(O)(=O)CN[C@@H](Cc1ccc(cc1)-c1ccccc1)C(=O)N[C@@H](Cc1ccc(cc1)-c1ccccc1)C(O)=O,44325082,0.414
373,S(C(CCC)c1ccc(cc1)C(C)C)C[C@H](NC(=O)[C@@H](CS)C)C(O)=O,21967881,0.41999999
374,SCCC(=O)N[C@@H](Cc1ccccc1)C(O)=O,13036944,0.42658001
375,O=C1N(CCCC1NC(CCc1ccccc1)C(O)=O)CC(O)=O,44321532,0.43000001
376,S(C(C(C)C)c1ccc(cc1)C(C)C)C[C@H](NC(=O)[C@@H](CS)C)C(O)=O,44581700,0.43000001
377,P(OC)(O)(=O)C(N[C@H](C(=O)N1CCC[C@H]1C(O)=O)C)CCc1ccccc1,44317141,0.43652001
378,O(C(=O)C1N(Cc2c(C1)cccc2)C(=O)C(NC(CCc1ccccc1)C(OCC)=O)C)CC,44301623,0.44
379,OC=1C=C(CCC(O)=O)C(=O)N2C=1CC[C@H]2C(O)=O,11119038,0.45708999
380,S(Cc1cc(C)c(cc1)C)C[C@@H](NC(=O)[C@H](Cc1ccccc1)CS)C(O)=O,10093438,0.46000001
381,S(C(CCc1ccccc1)C(OCC)=O)C(C(=O)N1Cc2c(C[C@H]1C(O)=O)cccc2)C,57396694,0.46000001
382,SC[C@H]1CCCCCCc2c(C[C@@H](NC1=O)C(O)=O)cccc2,44364917,0.47
383,Clc1ccc(cc1)C[C@H](NCP(O)(O)=O)C(=O)N[C@@H](Cc1ccc(cc1)-c1ccccc1)C(O)=O,44325169,0.47299999
384,P(O)(O)(=O)CN[C@@H](Cc1ccccc1C)C(=O)N[C@@H](Cc1ccc(cc1)-c1ccccc1)C(O)=O,44325247,0.498
385,SC[C@H](C(=O)N1Cc2[nH]c3c(c2CC1C(O)=O)cccc3)C,44365196,0.5
386,SCC(NC(O[C@@H]1C[C@H](N(C1)C(=O)[C@@H](N[C@@H](CCc1ccccc1)C(O)=O)C)C(O)=O)=O)Cc1ccccc1,44323123,0.50599998
387,O(C)c1cc2CC(N(Cc2cc1OC)C(=O)C(NC(CCc1ccccc1)C(OCC)=O)C)C(OCC)=O,44301514,0.51999998
388,S(Cc1ccc(N(C)C)cc1)C[C@H](NC(=O)[C@@H](CS)C)C(O)=O,9906720,0.51999998
389,OC1C[C@H](N(C1)C(=O)CCC(=O)C(NC(=O)c1ccccc1)Cc1ccccc1)C(O)=O,44384859,0.54000002
390,O=C1N(c2c(CC[C@@H]1N[C@@H](Cc1c3c([nH]c1)cccc3)C(OCC)=O)cccc2)CC(O)=O,13500788,0.54000002
391,S(C(CCc1ccccc1)C(O)=O)C(C(=O)N1CCC[C@H]1C(O)=O)C,57393223,0.57999998
392,S[C@@H](CC(C)C)C(=O)N1CCC[C@H]1C(=O)N1CCC[C@H]1C(=O)N([C@H](C(O)=O)C)C,118579584,0.63999999
393,SCCC(=O)N1CC=C[C@H]1C(O)=O,44316511,0.64565003
394,OC(=O)C1N(CCC1)C(=O)CCC(=O)[C@@H](NC(=O)CCCCCCC)Cc1ccccc1,44459899,0.64999998
395,S\C=C/C(=O)C1C[C@@H](CC1)C(O)=O,44352086,0.64999998
396,P(O)(O)(=O)CN[C@@H]([C@@H](OCc1ccccc1)C)C(=O)N[C@@H](Cc1ccc(cc1)-c1ccccc1)C(O)=O,44386919,0.65600002
397,P(O)(O)(=O)CN[C@H](C(=O)N[C@@H](Cc1ccc(cc1)-c1ccccc1)C(O)=O)C,44325039,0.66000003
398,P(O)(O)(=O)CN[C@@H]([C@@H](O)C)C(=O)N[C@@H](Cc1ccc(cc1)-c1ccccc1)C(O)=O,44325095,0.66500002
399,S[C@H](Cc1ccccc1)C(=O)N[C@@H](Cc1ccc(cc1)-c1ccccc1)C(O)=O,44377139,0.68800002
400,SCC(Cc1ccc(cc1)-c1ccccc1)C(=O)N[C@H]1C[C@H](N(C1)C(=O)[C@@H](CS)C)C(O)=O,44323289,0.69599998
401,OC(=O)[C@H]1N(CCC1)C(=O)[C@@H](N[C@H](C(O)=O)[C@H]1NCCC1)C,54395218,0.69999999
402,OC(=O)[C@@H]1N(CCC1)C(=O)[C@@H](NC(=O)[C@@H](N)CCCC)C,44352399,0.69999999
403,SCCC(OC(Cc1ccccc1)C(O)=O)=O,13687301,0.70795
404,SCN1C(=O)N2N(CC=C[C@H]2C(O)=O)C1=O,44317359,0.70795
405,SC(C(Cc1ccccc1)C(=O)NC(Cc1ccc(O)cc1)C(O)=O)CC(C)C,44384300,0.70999998
406,SC[C@H]1CCCCCCc2c(C[C@H](NC1=O)C(O)=O)cccc2,10664538,0.72500002
407,O=C1N[C@@H](CC1)C(=O)N[C@@H](CCCCN)C(=O)N[C@@H](Cc1c2c([nH]c1)cccc2)C(=O)N[C@H](C(=O)N1CCC[C@H]1C(O)=O)C,5748613,0.73000002
408,P(O)(O)(=O)CN[C@@H](CCCC)C(=O)N[C@@H](Cc1ccc(cc1)-c1ccccc1)C(O)=O,44325093,0.73100001
409,SCC(=O)N[C@@H](Cc1c2c([nH]c1)cccc2)C(O)=O,44317007,0.75858003
410,SC(Cc1ccccc1)CC(C(CC)C)C(=O)NC(Cc1ccc(O)cc1)C(O)=O,44298403,0.80000001
411,SC(CC(=O)NC(Cc1ccccc1)C(O)=O)C(F)(F)F,45267758,0.82999998
412,SCCC(=O)N[C@H](C(O)=O)C,13036940,0.85114002
413,OC(=O)[C@@H]1N(CCC1)C(=O)CNCC(=O)C(NC(=O)c1ccccc1)Cc1ccccc1,44386400,0.95999998
414,SCC1CCCN(CC(O)=O)C1=O,133560,1
415,O=C1N(c2c(CC[C@@H]1N[C@@H](CC(C)C)C(OC)=O)cccc2)CC(O)=O,13500793,1
416,SC(C(F)(F)C(F)(F)F)CC(=O)NC(Cc1ccccc1)C(O)=O,45273826,1.01
417,O(C)c1cc2C[C@H](N(Cc2cc1OC)C(=O)[C@@H](N[C@H](CCc1ccccc1)C(OCC)=O)C)C(O)=O,71461712,1.1
418,SCC(Cc1ccc(cc1)-c1ccccc1)C(=O)N[C@H]1CCc2c3N([C@@H](Cc3ccc2)C(O)=O)C1=O,71449083,1.12
419,OC(=O)[C@H]1N(CCC1)C(=O)CC/C(=N\O)/C(NC(=O)c1ccccc1)Cc1ccccc1,44385857,1.2
420,SC(C(Cc1ccccc1)C(=O)NC(C(C)C)C(=O)NC(Cc1ccc(O)cc1)C(O)=O)C,44385190,1.3
421,OC(=O)[C@H]1N(CCC1)C(=O)[C@@H](NC(=O)[C@@H](N)Cc1ccccc1)C,9840601,1.4
422,OC(=O)[C@H]1N(CCC1)C(=O)[C@@H](N[C@H]([C@@H](NC(=O)c1ccccc1)Cc1ccccc1)C(O)=O)C,71449056,1.4
423,O=C1N(C(=O)[C@@H](N)C)[C@@H](CN1Cc1ccccc1)C(O)=O,44331738,1.5
424,OC(=O)[C@@H](NC(=O)[C@@H](N)C(C)C)Cc1c2c([nH]c1)cccc2,168182,1.58489
425,SCCC(=O)N[C@@H](C(C)C)C(O)=O,44317115,1.58489
426,O(Cc1ccccc1)C(=O)[C@H]1N(CCC1)C(=O)CCC(=O)C(NC(=O)c1ccccc1C)Cc1ccccc1,44385582,1.6
427,O=C(NO)C1N(CCC1)C(=O)CCC(=O)C(NC(=O)c1ccccc1)Cc1ccccc1,44266803,1.6
428,SC(C(Cc1ccccc1)C(=O)NC(Cc1ccc(O)cc1)C(O)=O)CCc1ccccc1,44385237,1.6
429,S(C(c1ccc(cc1)C(C)C)c1ccccc1)C[C@H](NC(=O)[C@@H](CS)C)C(O)=O,44581702,1.7
430,O=C1N(CCN(C[C@H](O)C(O)=O)C(=O)N[C@@H](Cc2cc3c(cc2)cccc3)C(O)=O)C(=O)c2c3c1cccc3ccc2,24882714,1.98
431,OC(=O)[C@@H](NC(=O)[C@@H](N)[C@H](CC)C)Cc1c2c([nH]c1)cccc2,7019085,1.99526
432,SC[C@@H]1Cc2c(CCCCC[C@H](NC1=O)C(O)=O)cccc2,10496022,2
433,S(C(CCc1ccccc1)C(OCC)=O)C(C(=O)N1C2C(C[C@H]1C(O)=O)CCCC2)C,57398463,2
434,O=C1N(C(=O)[C@@H](N[C@@H](CCCCCCCC)C(OCC)=O)C)[C@@H](CN1Cc1ccccc1)C(O)=O,13477728,2.2
435,OC(=O)[C@@H]1N(CCC1)C(=O)[C@@H](NC(=O)[C@@H](N)CC(C)C)C,7408255,2.3
436,SCCC(=O)CCC(O)=O,20336735,2.3988299
437,OC(=O)[C@H]1N(CCC1)C(=O)[C@@H](NCC(O)=O)C,44306009,2.3988299
438,O=C1N(C(=O)[C@H](N[C@@H](CCc2ccccc2)C(O)=O)C)[C@@H](CN1Cc1ccccc1)C(O)=O,13456346,2.4000001
439,O=C1N(C(=O)[C@H](N[C@@H](CCCCCCCC)C(O)=O)C)[C@@H](CN1C)C(O)=O,13456368,2.4000001
440,SC(Cc1ccccc1)CC(Cc1ccccc1)C(=O)NC(Cc1ccc(O)cc1)C(O)=O,44298425,2.4000001
441,OC(=O)[C@H]1N(CCC1)C(=O)[C@H](NCC(O)=O)C,44368279,2.4000001
442,SCN1C(=O)N2N(CC=CC2C(O)=O)C1=O,13144519,2.5118899
443,O(Cc1ccccc1)C(=O)NC(CCCCN)C(=O)N[C@H](CCC(=O)N1c2c(C[C@H]1C(O)=O)cccc2)C(O)=O,44317066,2.5118899
444,O(Cc1ccccc1)C(=O)N1CCCC1C(=O)N[C@H](CCC(=O)N1CCC[C@H]1C(O)=O)C(O)=O,44316848,2.5118899
445,SCCC(=O)N[C@H](C(=O)N1CCC[C@H]1C(O)=O)C,44317099,2.5704
446,OC(=O)CN(C(=O)C(N)C)c1ccc(cc1)C,15615011,2.5704
447,O=C1N(c2c(CC[C@@H]1N[C@@H](CCCC)C(OCC)=O)cccc2)CC(O)=O,13500798,2.5999999
448,SC(Cc1ccccc1)CC(C(CC)C)C(=O)N1CCCC1C(O)=O,44298431,2.8
449,SC(CC(C)C)CC(=O)NC(Cc1ccccc1)C(=O)NC(Cc1ccc(O)cc1)C(O)=O,44383743,2.8
450,SC(CCc1ccccc1)CC(C(CC)C)C(=O)NC(Cc1ccc(O)cc1)C(O)=O,44298205,2.9000001
451,S(C(CCc1ccccc1)C(OCC)=O)C(C(=O)N1CCCC1C(O)=O)C,44459870,2.9000001
452,S(C(C)(C)c1ccc(cc1)C1CCCCC1)C[C@H](NC(=O)[C@@H](CS)C)C(O)=O,21967878,3
453,SCCC(=O)N(CC(O)=O)C,13036947,3.0199499
454,S(Cc1ccc(cc1)C)C[C@@H](NC(=O)[C@@H](Cc1cc2c(cc1)cccc2)CS)C(O)=O,44461318,3.0999999
455,SCC1(C)C(=O)N2N(CCCC2C(O)=O)C1=O,13144530,3.1622801
456,OC(=O)[C@H]1N(CCC1)C(=O)[C@H](CC(=O)[C@H](NC(=O)c1ccccc1)Cc1ccccc1)C,44328852,3.2
457,SC(C(CC)C)CC(C(CC)C)C(=O)NC(Cc1ccc(O)cc1)C(O)=O,44298402,3.4000001
458,SC(C(CC)C)CC(Cc1ccccc1)C(=O)NC(Cc1ccc(O)cc1)C(=O)N,44298428,3.5
459,SC(CC(Cc1ccccc1)C(=O)NC(C(O)=O)C)c1ccccc1,44298467,3.5
460,SC(Cc1ccccc1)CC(Cc1ccccc1)C(=O)NCCC(O)=O,44298426,3.5
461,SC(Cc1ccccc1)CC(Cc1ccccc1)C(=O)N1CCCC1C(O)=O,44298355,3.5999999
462,S(C(CCCC)c1ccc(cc1)C(C)C)C[C@H](NC(=O)[C@@H](CS)C)C(O)=O,44581701,3.5999999
463,SCC1CCN(CC(O)=O)C1=O,12698984,3.7
464,Oc1ccc(cc1)C[C@H](NC(=O)[C@@H](N)[C@H](CC)C)C(O)=O,7408195,3.7
465,SC(Cc1ccccc1)CC(Cc1ccccc1)C(=O)NC(C(O)=O)C,44298544,3.8
466,SC(C(Cc1ccccc1)C(=O)NC(C(O)=O)C)CCc1ccccc1,44298353,4
467,SC([C@H](Cc1ccccc1)C(=O)N[C@H](C(O)=O)C)CC(C)C,44384213,4
468,SC(Cc1ccccc1)CC(C(CC)C)C(O)=O,44298316,4
469,SC(C(CC)C)CC(C(CC)C)C(=O)NC(Cc1ccc(O)cc1)C(=O)N,44298401,4
470,S(Cc1ccc(cc1)C1CCCCC1)C[C@H](NC(=O)[C@@H](CS)C)C(O)=O,44581589,4
471,OC(=O)[C@@H]1N(CCC1)C(=O)[C@@H](NC(=O)[C@@H](N)Cc1ccccc1)C,44352389,4.1999998
472,SC(C(CC)C)CC(Cc1ccccc1)C(=O)N[C@@H](Cc1ccc(O)cc1)C(O)=O,44298400,4.4000001
473,SC(C(C(C)C)C(=O)NC(Cc1ccc(O)cc1)C(O)=O)CCc1ccccc1,44384274,4.5
474,S(Cc1ccc(N(CC)CC)cc1)C[C@H](NC(=O)[C@@H](CS)C)C(O)=O,44581627,4.5999999
475,S1C[C@@H](N(C1)C(=O)C(SC(CCc1ccccc1)C(OCC)=O)C)C(O)=O,57396695,4.8000002
476,OC(=O)[C@H]1N(CCC1)C(=O)[C@@H](CCC(O)=O)C,44317192,4.89779
477,OC(=O)C1N(CCC1)C(=O)[C@H](CCC(O)=O)C,44305060,4.9000001
478,S[C@@H]([C@H](Cc1ccccc1)C(=O)N[C@H](C(O)=O)C)CC(C)C,10381547,5
479,O=C1N(C(=O)[C@@H](N[C@@H](CCCCCCCC)C(OCC)=O)C)[C@@H](CN1C)C(O)=O,13456353,5.0999999
480,OC(=O)[C@H]1N(CCC1)C(=O)[C@@H](NCCCc1ccccc1)C,44317255,5.7543998
