Experimental pIC-50 values of molecules towards SARS-COV-2 clinical trials,,,
,,,
Sr. no. ,Molecular_SMILES,PubChem-CID,Experimental_IC-50 values (microM)
1,[H]OC(=O)C([H])([H])C([H])([H])C([H])(N([H])C(=O)C1=C([H])C([H])=C(C([H])=C1[H])N(C([H])([H])[H])C([H])([H])C1=C([H])N=C2N=C(N=C(N([H])[H])C2=N1)N([H])[H])C(=O)O[H],126941,2.00E-08
2,[H]OC(=O)[C@@]1([H])N(C(=O)C([H])(C([H])([H])[H])C([H])([H])S[H])C([H])([H])C([H])([H])C1([H])[H],44093,2.70E-08
3,[H]O[C@]1([H])C([H])([H])C([H])([H])[C@@]([H])(C([H])([H])C([H])(C([H])([H])[H])[C@@]2([H])OC(=O)[C@@]3([H])N(C(=O)C(=O)[C@]4(O[H])O[C@@]([H])(C([H])([H])C([H])([H])[C@@]4([H])C([H])([H])[H])C([H])([H])[C@]([H])(OC([H])([H])[H])\C(=C(/[H])\C(\[H])=C(/[H])\C(\[H])=C([H])/[C@@]([H])(C([H])([H])[H])C([H])([H])[C@]([H])(C(=O)[C@]([H])(OC([H])([H])[H])[C@]([H])(O[H])\C(=C([H])\[C@]([H])(C(=O)C2([H])[H])C([H])([H])[H])C([H])([H])[H])C([H])([H])[H])C([H])([H])[H])C([H])([H])C([H])([H])C([H])([H])C3([H])[H])C([H])([H])[C@@]1([H])OC([H])([H])[H],5284616,8.45E-07
4,[H]N(C(=O)C([H])([H])[H])C([H])([H])C([H])([H])C1=C([H])N([H])C2=C1C([H])=C(OC([H])([H])[H])C([H])=C2[H],896,1.70E-05
5,[H]OC1=C([H])C([H])=C(\C([H])=C(/[H])C2=C([H])C(O[H])=C([H])C(O[H])=C2[H])C([H])=C1[H],445154,2.25E-05
6,[H]N(C1=C2C([H])=C([H])C(Cl)=C([H])C2=NC([H])=C1[H])C([H])(C([H])([H])[H])C([H])([H])C([H])([H])C([H])([H])N(C([H])([H])C([H])([H])[H])C([H])([H])C([H])([H])[H],2719,3.00E-05
7,[H]OC(=O)C([H])(N([H])[H])C([H])([H])C1=C([H])C(I)=C(OC2=C([H])C(I)=C(O[H])C([H])=C2[H])C(I)=C1[H],5920,3.40E-05
8,[H]O[C@]([H])(C([H])(C([H])([H])[H])C([H])([H])C(\[H])=C(/[H])C([H])([H])[H])[C@]1([H])N(C(=O)[C@@]([H])(N(C(=O)[C@@]([H])(N(C(=O)[C@@]([H])(N(C(=O)[C@]([H])(N([H])C(=O)[C@@]([H])(N([H])C(=O)[C@@]([H])(N(C(=O)[C@@]([H])(N([H])C(=O)[C@@]([H])(N(C(=O)C([H])([H])N(C(=O)[C@@]([H])(N([H])C1=O)C([H])([H])C([H])([H])[H])C([H])([H])[H])C([H])([H])[H])C([H])([H])C([H])(C([H])([H])[H])C([H])([H])[H])C([H])(C([H])([H])[H])C([H])([H])[H])C([H])([H])[H])C([H])([H])C([H])(C([H])([H])[H])C([H])([H])[H])C([H])([H])[H])C([H])([H])[H])C([H])([H])[H])C([H])([H])C([H])(C([H])([H])[H])C([H])([H])[H])C([H])([H])[H])C([H])([H])C([H])(C([H])([H])[H])C([H])([H])[H])C([H])([H])[H])C([H])(C([H])([H])[H])C([H])([H])[H])C([H])([H])[H],5284373,4.70E-05
9,[H]O[C@]1([H])C([H])([H])C([H])([H])[C@@]([H])(C(\[H])=C(/C([H])([H])[H])[C@@]2([H])OC(=O)[C@@]3([H])N(C(=O)C(=O)[C@]4(O[H])O[C@@]([H])([C@@]([H])(OC([H])([H])[H])C([H])([H])[C@@]4([H])C([H])([H])[H])[C@@]([H])(OC([H])([H])[H])C([H])([H])[C@@]([H])(C([H])([H])[H])C([H])([H])\C(=C([H])\[C@]([H])(C(=O)C([H])([H])[C@]([H])(O[H])[C@@]2([H])C([H])([H])[H])C([H])([H])C([H])=C([H])[H])C([H])([H])[H])C([H])([H])C([H])([H])C([H])([H])C3([H])[H])C([H])([H])[C@@]1([H])OC([H])([H])[H],445643,5.60E-05
10,[H]N([H])[C@@]1([H])C([H])([H])C(=C([H])[C@@]([H])(OC([H])(C([H])([H])C([H])([H])[H])C([H])([H])C([H])([H])[H])[C@]1([H])N([H])C(=O)C([H])([H])[H])C(=O)OC([H])([H])C([H])([H])[H],65028,6.00E-05
11,[H]OC([H])(C([H])([H])N(C([H])([H])C([H])(C([H])([H])[H])C([H])([H])[H])S(=O)(=O)C1=C([H])C([H])=C(N([H])[H])C([H])=C1[H])C([H])(N([H])C(=O)O[C@@]1([H])C([H])([H])O[C@@]2([H])OC([H])([H])C([H])([H])[C@@]12[H])C([H])([H])C1=C([H])C([H])=C([H])C([H])=C1[H],213039,6.10E-05
12,[H]OC(=O)C([H])([H])C([H])(N([H])[H])C(=O)N([H])C([H])(C(=O)N([H])C([H])(C(=O)N([H])C([H])(C(=O)N([H])C([H])(C(=O)N([H])C([H])(C(=O)N1C([H])([H])C([H])([H])C([H])([H])[C@@]1([H])C(=O)N([H])C([H])(C(=O)O[H])C([H])([H])C1=C([H])C([H])=C([H])C([H])=C1[H])C([H])([H])C1=C([H])N=C([H])N1[H])C([H])(C([H])([H])[H])C([H])([H])C([H])([H])[H])C([H])([H])C1=C([H])C([H])=C(O[H])C([H])=C1[H])C([H])(C([H])([H])[H])C([H])([H])[H])C([H])([H])C([H])([H])C([H])([H])N=C(N([H])[H])N([H])[H],172198,8.00E-05
13,[H]O[C@]1([H])C(=C([H])[C@@]2([H])C(=O)O[C@@]3([H])C([H])([H])[C@]([H])(O[C@]4(O[C@]([H])(C([H])(C([H])([H])[H])C([H])([H])[H])[C@@]([H])(C([H])([H])[H])C([H])([H])C4([H])[H])C3([H])[H])C([H])([H])\C([H])=C(C([H])([H])[H])\[C@@]([H])(O[C@]3([H])O[C@@]([H])(C([H])([H])[H])[C@]([H])(O[C@]4([H])O[C@@]([H])(C([H])([H])[H])[C@]([H])(O[H])[C@@]([H])(OC([H])([H])[H])C4([H])[H])[C@@]([H])(OC([H])([H])[H])C3([H])[H])[C@]([H])(\C([H])=C(/[H])\C(\[H])=C3/C([H])([H])O[C@@]1([H])[C@]23O[H])C([H])([H])[H])C([H])([H])[H].[H]O[C@]1([H])C(=C([H])[C@@]2([H])C(=O)O[C@@]3([H])C([H])([H])[C@]([H])(O[C@]4(O[C@]([H])(C([H])(C([H])([H])[H])C([H])([H])C([H])([H])[H])[C@@]([H])(C([H])([H])[H])C([H])([H])C4([H])[H])C3([H])[H])C([H])([H])\C([H])=C(C([H])([H])[H])\[C@@]([H])(O[C@]3([H])O[C@@]([H])(C([H])([H])[H])[C@]([H])(O[C@]4([H])O[C@@]([H])(C([H])([H])[H])[C@]([H])(O[H])[C@@]([H])(OC([H])([H])[H])C4([H])[H])[C@@]([H])(OC([H])([H])[H])C3([H])[H])[C@]([H])(\C([H])=C(/[H])\C(\[H])=C3/C([H])([H])O[C@@]1([H])[C@]23O[H])C([H])([H])[H])C([H])([H])[H],9812710,0.0001
14,[H]OC([H])([H])C(=O)[C@@]1(O[H])[C@]([H])(C([H])([H])[H])C([H])([H])[C@@]2([H])[C@]3([H])C([H])([H])C([H])([H])C4=C([H])C(=O)C([H])=C([H])[C@]4(C([H])([H])[H])[C@@]3(F)[C@@]([H])(O[H])C([H])([H])[C@]12C([H])([H])[H],5743,0.0001
15,[H]OC([H])([H])[C@@]1([H])O[C@@]([H])(N2C([H])=C(C(=O)N([H])C2=O)C([H])([H])[H])C([H])([H])[C@]1([H])N=[N+]=[N-],35370,0.0001
16,[H]N([H])[C@@]1([H])C([H])([H])N(C2=NC3=C(N2C([H])([H])C#CC([H])([H])[H])C(=O)N(C(=O)N3C([H])([H])[H])C([H])([H])C2=NC3=C([H])C([H])=C([H])C([H])=C3C(=N2)C([H])([H])[H])C([H])([H])C([H])([H])C1([H])[H],10096344,0.0001
17,[H]N([H])C1=C2C(=NC([H])=N1)N(N=C2C1=C([H])C([H])=C(OC2=C([H])C([H])=C([H])C([H])=C2[H])C([H])=C1[H])[C@@]1([H])C([H])([H])N(C(=O)C([H])=C([H])[H])C([H])([H])C([H])([H])C1([H])[H],24821094,0.0001
18,[H]OC([H])([H])C(=O)[C@@]12OC([H])(O[C@]1([H])C([H])([H])[C@@]1([H])[C@]3([H])C([H])([H])C([H])([H])C4=C([H])C(=O)C([H])=C([H])[C@]4(C([H])([H])[H])[C@@]3([H])[C@@]([H])(O[H])C([H])([H])[C@]21C([H])([H])[H])C([H])([H])C([H])([H])C([H])([H])[H],5281004,0.00012
19,[H]N1C([H])=C([H])C2=C(N=C([H])N=C12)C1=C([H])N(N=C1[H])C([H])(C([H])([H])C#N)C1([H])C([H])([H])C([H])([H])C([H])([H])C1([H])[H],25126798,0.00012
20,[H]O[C@@]1([H])[C@@]([H])(O[C@]([H])(C(=O)N([H])C([H])([H])[H])[C@@]1([H])O[H])N1C([H])=NC2=C(N=C([H])N=C12)N([H])C([H])([H])C1=C([H])C(I)=C([H])C([H])=C1[H],123683,0.00013
21,[H]N([H])C1=NC(=NC2=C([H])C(OC([H])([H])[H])=C(OC([H])([H])[H])C([H])=C12)N1C([H])([H])C([H])([H])N(C(=O)C2=C([H])C([H])=C([H])O2)C([H])([H])C1([H])[H],4893,0.0001622
22,[H]N(C(=O)C1=C([H])C([H])=C(C([H])=C1[H])C([H])([H])N1C([H])([H])C([H])([H])N(C([H])([H])[H])C([H])([H])C1([H])[H])C1=C([H])C(N([H])C2=NC([H])=C([H])C(=N2)C2=C([H])N=C([H])C([H])=C2[H])=C(C([H])=C1[H])C([H])([H])[H],5291,0.0001995
23,[H]OC(=O)C1=C2N(C(OC([H])([H])C([H])([H])[H])=NC2=C([H])C([H])=C1[H])C([H])([H])C1=C([H])C([H])=C(C([H])=C1[H])C1=C([H])C([H])=C([H])C([H])=C1C1=NN([H])N=N1,2541,0.0002
24,[H]N(C(=O)C1([H])C([H])([H])C([H])([H])C(F)(F)C([H])([H])C1([H])[H])C([H])(C1=C([H])C([H])=C([H])C([H])=C1[H])C([H])([H])C([H])([H])N1[C@@]2([H])C([H])([H])C([H])([H])[C@]1([H])C([H])([H])C([H])(N1C(=NN=C1C([H])(C([H])([H])[H])C([H])([H])[H])C([H])([H])[H])C2([H])[H],3002977,0.0002
25,[H]C1=C2C([H])([H])C([H])([H])[C@@]3([H])[C@]4([H])C([H])([H])C([H])([H])[C@]([H])(C(=O)C([H])([H])[H])[C@@]4(C([H])([H])[H])C([H])([H])C([H])([H])[C@]3([H])[C@@]2(C([H])([H])[H])C([H])([H])C([H])([H])C1=O,5994,0.0002
26,[H]OC(=O)C([H])([H])C([H])([H])C([H])([H])C(\[H])=C1/C([H])([H])[C@@]2([H])C([H])([H])[C@@]([H])(O[H])[C@]([H])(C(\[H])=C(/[H])C([H])(O[H])C([H])(C([H])([H])[H])C([H])([H])C#CC([H])([H])[H])[C@@]2([H])C1([H])[H],5311181,0.0002
27,[H]OC1=C2O[C@@]3([H])C(=O)C([H])([H])C([H])([H])[C@@]4(O[H])[C@]5([H])N(C([H])([H])C6([H])C([H])([H])C6([H])[H])C([H])([H])C([H])([H])[C@]34C2=C(C([H])=C1[H])C5([H])[H],5360515,0.0002
28,[H]C1=C([H])C(=C([H])C(OC([H])([H])[H])=C1OC([H])([H])[H])C([H])([H])C([H])([H])N(C([H])([H])[H])C([H])([H])C([H])([H])C([H])([H])C(C#N)(C1=C([H])C(OC([H])([H])[H])=C(OC([H])([H])[H])C([H])=C1[H])C([H])(C([H])([H])[H])C([H])([H])[H],2520,0.00025
29,[H]OC([H])(C1=C([H])C(=NC2=C1C([H])=C([H])C([H])=C2C(F)(F)F)C(F)(F)F)C1([H])N([H])C([H])([H])C([H])([H])C([H])([H])C1([H])[H],4046,0.00031
30,[H]OC([H])([H])C1=C(Cl)N=C(N1C([H])([H])C1=C([H])C([H])=C(C([H])=C1[H])C1=C([H])C([H])=C([H])C([H])=C1C1=NN([H])N=N1)C([H])([H])C([H])([H])C([H])([H])C([H])([H])[H],3961,0.00033
31,[H]OC(=O)C1=C([H])C([H])=C([H])C([H])=C1C1=C([H])C([H])=C(C([H])=C1[H])C([H])([H])N1C2=C(N=C1C([H])([H])C([H])([H])C([H])([H])[H])C(=C([H])C(=C2[H])C1=NC2=C([H])C([H])=C([H])C([H])=C2N1C([H])([H])[H])C([H])([H])[H],65999,0.00033
32,[H]N1C([H])=C([H])C2=C1N=C([H])N=C2N(C([H])([H])[H])[C@@]1([H])C([H])([H])N(C(=O)C([H])([H])C#N)C([H])([H])C([H])([H])[C@@]1([H])C([H])([H])[H],9926791,0.00035
33,[H]N(C(=O)C([H])([H])[H])[C@]1([H])C2=C([H])C(=O)C(OC([H])([H])[H])=C([H])C([H])=C2C2=C(OC([H])([H])[H])C(OC([H])([H])[H])=C(OC([H])([H])[H])C([H])=C2C([H])([H])C1([H])[H],6167,0.00036
34,[H]OC(=O)C([H])(N([H])S(=O)(=O)C([H])([H])C([H])([H])C([H])([H])C([H])([H])[H])C([H])([H])C1=C([H])C([H])=C(OC([H])([H])C([H])([H])C([H])([H])C([H])([H])C2([H])C([H])([H])C([H])([H])N([H])C([H])([H])C2([H])[H])C([H])=C1[H],60947,0.00037
35,[H]OC1=C(N([H])C([H])=O)C([H])=C(C([H])=C1[H])C([H])(O[H])C([H])([H])N([H])C([H])(C([H])([H])[H])C([H])([H])C1=C([H])C([H])=C(OC([H])([H])[H])C([H])=C1[H],3410,0.0004
36,[H]OC([H])(C1=C([H])C(=NC2=C1C([H])=C([H])C([H])=C2C(F)(F)F)C(F)(F)F)[C@]1([H])N([H])C([H])([H])C([H])([H])C([H])([H])C1([H])[H],40692,0.0004
37,[H]OC(=O)C([H])([H])C1(C([H])([H])SC([H])(C2=C([H])C([H])=C([H])C(\C([H])=C(/[H])C3=NC4=C(C([H])=C([H])C(Cl)=C4[H])C([H])=C3[H])=C2[H])C([H])([H])C([H])([H])C2=C([H])C([H])=C([H])C([H])=C2C(O[H])(C([H])([H])[H])C([H])([H])[H])C([H])([H])C1([H])[H],5281040,0.00043
38,[H]OC([H])([H])[C@@]1([H])O[C@@]([H])(C2=C([H])C(=C(Cl)C([H])=C2[H])C([H])([H])C2=C([H])C([H])=C(OC([H])([H])C([H])([H])[H])C([H])=C2[H])[C@]([H])(O[H])[C@@]([H])(O[H])[C@]1([H])O[H],9887712,0.00049
39,[H]N(C1=NC([H])=NC2=C1N([H])C([H])=N2)C([H])(C1=C([H])C2=C(C(Cl)=C([H])C([H])=C2[H])C(=O)N1C1=C([H])C([H])=C([H])C([H])=C1[H])C([H])([H])[H],50905713,0.0005
40,[H]OC([H])([H])C(=O)[C@@]1(O[H])C([H])([H])C([H])([H])[C@@]2([H])[C@]3([H])C([H])([H])C([H])([H])C4=C([H])C(=O)C([H])=C([H])[C@]4(C([H])([H])[H])[C@@]3([H])[C@@]([H])(O[H])C([H])([H])[C@]12C([H])([H])[H],5755,0.000526
41,[H]OC([H])([H])C([H])(N([H])C(=O)C([H])(N([H])C(=O)C([H])(N([H])C(=O)C([H])(N([H])C(=O)C([H])([H])[H])C([H])([H])C1=C([H])C2=C([H])C([H])=C([H])C([H])=C2C([H])=C1[H])C([H])([H])C1=C([H])C([H])=C(Cl)C([H])=C1[H])C([H])([H])C1=C([H])N=C([H])C([H])=C1[H])C(=O)N([H])C([H])(C(=O)N([H])C([H])(C(=O)N([H])C([H])(C(=O)N([H])C([H])(C(=O)N1C([H])([H])C([H])([H])C([H])([H])[C@@]1([H])C(=O)N([H])C([H])(C(=O)N([H])[H])C([H])([H])[H])C([H])([H])C([H])([H])C([H])([H])C([H])([H])N([H])C([H])(C([H])([H])[H])C([H])([H])[H])C([H])([H])C([H])(C([H])([H])[H])C([H])([H])[H])C([H])([H])C1=C([H])C([H])=C(N([H])C(=O)N([H])[H])C([H])=C1[H])C([H])([H])C1=C([H])C([H])=C(N([H])C(=O)[C@@]2([H])N([H])C(=O)N([H])C(=O)C2([H])[H])C([H])=C1[H],16136245,0.00058
42,[H]OC([H])(C([H])([H])C([H])(N([H])C(=O)C([H])(N([H])C(=O)N(C([H])([H])[H])C([H])([H])C1=C([H])SC(=N1)C([H])(C([H])([H])[H])C([H])([H])[H])C([H])(C([H])([H])[H])C([H])([H])[H])C([H])([H])C1=C([H])C([H])=C([H])C([H])=C1[H])C([H])(N([H])C(=O)OC([H])([H])C1=C([H])N=C([H])S1)C([H])([H])C1=C([H])C([H])=C([H])C([H])=C1[H],392622,0.0006
43,[H]N(C(=O)C1=C([H])C([H])=C(Cl)S1)C([H])([H])[C@]1([H])OC(=O)N(C2=C([H])C([H])=C(C([H])=C2[H])N2C(=O)C([H])([H])OC([H])([H])C2([H])[H])C1([H])[H],9875401,0.0007
44,[H]N1C([H])=C([H])C2=C(N=C([H])N=C12)C1=C([H])N(N=C1[H])C1(C([H])([H])C#N)C([H])([H])N(C1([H])[H])S(=O)(=O)C([H])([H])C([H])([H])[H],44205240,0.0008
45,[H]OC(=O)C([H])([H])C([H])(O[H])C([H])([H])C([H])(O[H])C([H])([H])C([H])([H])N1C(=C(C(C(=O)N([H])C2=C([H])C([H])=C([H])C([H])=C2[H])=C1C([H])(C([H])([H])[H])C([H])([H])[H])C1=C([H])C([H])=C([H])C([H])=C1[H])C1=C([H])C([H])=C(F)C([H])=C1[H],60823,0.00099
46,[H]OC1=C(OC([H])([H])[H])C([H])=C(C([H])=C1OC([H])([H])[H])[C@]1([H])C2=C([H])C3=C(OC([H])([H])O3)C([H])=C2[C@@]([H])(O[C@]2([H])O[C@]3([H])C([H])([H])O[C@]([H])(O[C@@]3([H])[C@]([H])(O[H])[C@@]2([H])O[H])C([H])([H])[H])[C@@]2([H])C([H])([H])OC(=O)[C@]12[H],36462,0.001
47,[H]OC([H])(C([H])([H])C([H])(N([H])C(=O)C([H])(N1C(=O)N([H])C([H])([H])C([H])([H])C1([H])[H])C([H])(C([H])([H])[H])C([H])([H])[H])C([H])([H])C1=C([H])C([H])=C([H])C([H])=C1[H])C([H])(N([H])C(=O)C([H])([H])OC1=C(C([H])=C([H])C([H])=C1C([H])([H])[H])C([H])([H])[H])C([H])([H])C1=C([H])C([H])=C([H])C([H])=C1[H],92727,0.001
48,[H]C1=C([H])C([H])=C2N(C3=C(SC2=C1[H])C([H])=C([H])C(Cl)=C3[H])C([H])([H])C([H])([H])C([H])([H])N(C([H])([H])[H])C([H])([H])[H],2726,0.001
49,[H]C1=C([H])C2=C(S1)C(=O)C([H])([H])C1=C([H])C([H])=C([H])C([H])=C1C2=C1C([H])([H])C([H])([H])N(C([H])([H])[H])C([H])([H])C1([H])[H],3827,0.001
50,[H]OC1=C(C([H])=C(Cl)C([H])=C1[H])C(=O)N([H])C1=C(Cl)C([H])=C(C([H])=C1[H])[N+]([O-])=O,4477,0.001
51,[H]OC(=O)C([H])(N([H])C(=O)C([H])(N([H])C(=O)C([H])([H])N([H])C(=O)C([H])([H])N([H])C(=O)C([H])(N([H])[H])C([H])([H])C1=C([H])C([H])=C(O[H])C([H])=C1[H])C([H])([H])C1=C([H])C([H])=C([H])C([H])=C1[H])C([H])([H])C([H])([H])SC([H])([H])[H],443363,0.001
52,[H]N1C2=NC([H])=C([H])C(=N2)C2=C([H])C([H])=C([H])C(=C2[H])C([H])([H])OC([H])([H])\C([H])=C([H])/C([H])([H])OC([H])([H])C2=C(OC([H])([H])C([H])([H])N3C([H])([H])C([H])([H])C([H])([H])C3([H])[H])C([H])=C([H])C1=C2[H],46216796,0.001
53,[H]OC1=C(\C(=N\C2=C([H])C([H])=C(C([H])=C2[H])N(C(=O)C([H])([H])N2C([H])([H])C([H])([H])N(C([H])([H])[H])C([H])([H])C2([H])[H])C([H])([H])[H])C2=C([H])C([H])=C([H])C([H])=C2[H])C2=C(N1[H])C([H])=C(C([H])=C2[H])C(=O)OC([H])([H])[H],135423438,0.001
54,[H]OC([H])([H])[C@@]1([H])O[C@@]([H])(N2C([H])=NC3=C(N=C([H])N=C23)N([H])[H])[C@]([H])(O[H])[C@]1([H])O[H],60961,0.001148
55,[H]O[C@@]1([H])C([H])([H])C(=O)O[C@]([H])(C([H])([H])C([H])([H])[C@@]2([H])[C@]([H])(C([H])=C([H])C3=C([H])[C@]([H])(C([H])([H])[H])C([H])([H])[C@]([H])(OC(=O)C(C([H])([H])[H])(C([H])([H])[H])C([H])([H])C([H])([H])[H])[C@]23[H])C([H])([H])[H])C1([H])[H],54454,0.0013
56,[H]OC(=O)C([H])(N(C(=O)C([H])([H])C([H])([H])C([H])([H])C([H])([H])[H])C([H])([H])C1=C([H])C([H])=C(C([H])=C1[H])C1=C([H])C([H])=C([H])C([H])=C1C1=NN([H])N=N1)C([H])(C([H])([H])[H])C([H])([H])[H],60846,0.0014
57,[H]N([H])C(=NC1=C([H])C([H])=C(C([H])=C1[H])C(=O)OC1=C([H])C([H])=C(C([H])=C1[H])C([H])([H])C(=O)OC([H])([H])C(=O)N(C([H])([H])[H])C([H])([H])[H])N([H])[H],2536,0.0016
58,[H]C1=C2C([H])([H])[C@@]([H])(SC(=O)C([H])([H])[H])[C@@]3([H])[C@]4([H])C([H])([H])C([H])([H])[C@]5(OC(=O)C([H])([H])C5([H])[H])[C@@]4(C([H])([H])[H])C([H])([H])C([H])([H])[C@]3([H])[C@@]2(C([H])([H])[H])C([H])([H])C([H])([H])C1=O,5833,0.0016
59,[H]N([H])C(=O)C1=C2N([H])C([H])([H])C([H])([H])[C@]([H])(N2N=C1C1=C([H])C([H])=C(OC2=C([H])C([H])=C([H])C([H])=C2[H])C([H])=C1[H])C1([H])C([H])([H])C([H])([H])N(C(=O)C([H])=C([H])[H])C([H])([H])C1([H])[H],135565884,0.002
60,[H]OC(=O)C([H])([H])C1=C(N(C(=O)C2=C([H])C([H])=C(Cl)C([H])=C2[H])C2=C1C([H])=C(OC([H])([H])[H])C([H])=C2[H])C([H])([H])[H],3715,0.002
61,[H]OC1=C(O[H])[C@]([H])(OC1=O)C([H])(O[H])C([H])([H])O[H],54670067,0.002
62,[H]OC(=O)C([H])([H])C(O[H])(C(=O)O[H])C([H])([H])C(=O)O[H].[H]N1C(=O)C2=C(N=C1C1=C(OC([H])([H])C([H])([H])[H])C([H])=C([H])C(=C1[H])S(=O)(=O)N1C([H])([H])C([H])([H])N(C([H])([H])[H])C([H])([H])C1([H])[H])C(=NN2C([H])([H])[H])C([H])([H])C([H])([H])C([H])([H])[H],135413523,0.0022
63,[H]N(C([H])([H])[H])C([H])([H])C([H])([H])C([H])(OC1=C([H])C([H])=C(C([H])=C1[H])C(F)(F)F)C1=C([H])C([H])=C([H])C([H])=C1[H],3386,0.0025
64,[H]O[C@@]1([H])[C@]([H])(O[C@]2([H])[C@@]([H])(C([H])([H])[H])[C@]([H])(O[C@]3([H])O[C@@]([H])(C([H])([H])[H])[C@]([H])(O[H])[C@@](OC([H])([H])[H])(C([H])([H])[H])C3([H])[H])[C@]([H])(C(=O)O[C@]([H])(C([H])([H])C([H])([H])[H])[C@](O[H])(C([H])([H])[H])[C@]([H])(O[H])[C@]([H])(N(C([H])([H])[H])C([H])([H])[C@]([H])(C([H])([H])[H])C([H])([H])[C@]2(O[H])C([H])([H])[H])C([H])([H])[H])C([H])([H])[H])O[C@]([H])(C([H])([H])[H])C([H])([H])[C@]1([H])N(C([H])([H])[H])C([H])([H])[H],447043,0.0026
65,[H]OC1=C([H])C([H])=C(C([H])=C1[H])C([H])([H])[C@]1([H])N([H])C(=O)[C@@]([H])(N([H])[H])C([H])([H])SSC([H])([H])[C@]([H])(N([H])C(=O)[C@@]([H])(N([H])C(=O)[C@@]([H])(N([H])C(=O)[C@@]([H])(N([H])C1=O)C([H])(C([H])([H])[H])C([H])([H])C([H])([H])[H])C([H])([H])C([H])([H])C(=O)N([H])[H])C([H])([H])C(=O)N([H])[H])C(=O)N1C([H])([H])C([H])([H])C([H])([H])[C@@]1([H])C(=O)N([H])C([H])(C(=O)N([H])C([H])([H])C(=O)N([H])[H])C([H])([H])C([H])(C([H])([H])[H])C([H])([H])[H],439302,0.0027
66,[H]N1C([H])=C(C2=NC([H])=C(N2[H])C(=O)C2=C([H])C(OC([H])([H])[H])=C(OC([H])([H])[H])C(OC([H])([H])[H])=C2[H])C2=C([H])C([H])=C([H])C([H])=C12,53379371,0.0028
67,[H]OC(=O)C1=C(C(=NC2=C1C([H])=C(F)C([H])=C2[H])C1=C([H])C([H])=C(C([H])=C1[H])C1=C([H])C([H])=C([H])C([H])=C1F)C([H])([H])[H],57030,0.003
68,[H]N([H])C1=NC([H])=C([H])N2C(=NC(=C12)C1=C([H])C([H])=C(C([H])=C1[H])C(=O)N([H])C1=C([H])C([H])=C([H])C([H])=N1)[C@@]1([H])N(C(=O)C#CC([H])([H])[H])C([H])([H])C([H])([H])C1([H])[H],71226662,0.0031
69,[H]OC(=O)C1=C([H])C([H])=C([H])C([H])=C1OC(=O)C([H])([H])[H],2244,0.0032
70,[H]N([H])C([H])(C([H])([H])C(=O)N1C([H])([H])C2=NN=C(N2C([H])([H])C1([H])[H])C(F)(F)F)C([H])([H])C1=C([H])C(F)=C(F)C([H])=C1F,4369359,0.0035
71,[H]OC(=O)[C@]1([H])N(C(=O)C([H])(N([H])S(=O)(=O)C2=C([H])C([H])=C([H])C3=C2N([H])C([H])([H])C([H])(C([H])([H])[H])C3([H])[H])C([H])([H])C([H])([H])C([H])([H])N=C(N([H])[H])N([H])[H])C([H])([H])C([H])([H])[C@@]([H])(C([H])([H])[H])C1([H])[H],92722,0.00388
72,[H]N(C(=O)[C@@]1([H])OC([H])([H])C([H])([H])C([H])([H])N([H])C1([H])[H])C([H])(C#N)C([H])([H])C1=C([H])C([H])=C(C([H])=C1[H])C1=C([H])C2=C(OC(=O)N2C([H])([H])[H])C([H])=C1[H],118253852,0.003981
73,[H]C1=NN(C([H])=N1)C([H])([H])C1(OC([H])([H])C([H])(O1)C([H])([H])OC1=C([H])C([H])=C(C([H])=C1[H])N1C([H])([H])C([H])([H])N(C2=C([H])C([H])=C(C([H])=C2[H])N2C([H])=NN(C2=O)C([H])(C([H])([H])[H])C([H])([H])C([H])([H])[H])C([H])([H])C1([H])[H])C1=C(Cl)C([H])=C(Cl)C([H])=C1[H],3793,0.004
74,[H]OC(=O)[C@@]1([H])N(C(=O)C([H])(N([H])C([H])(C(=O)OC([H])([H])C([H])([H])[H])C([H])([H])C([H])([H])C2=C([H])C([H])=C([H])C([H])=C2[H])C([H])([H])[H])[C@@]2([H])C([H])([H])C([H])([H])C([H])([H])[C@@]2([H])C1([H])[H],5362129,0.004
75,[H]OP(=O)(O[H])O[H].[H]OP(=O)(O[H])O[H].[H]N(C1=C2C([H])=C([H])C(Cl)=C([H])C2=NC([H])=C1[H])C([H])(C([H])([H])[H])C([H])([H])C([H])([H])C([H])([H])N(C([H])([H])C([H])([H])[H])C([H])([H])C([H])([H])[H],64927,0.0047
76,[Cl-].[H]C1=C([H])C(C([H])=C2SC3=C(N=C12)C([H])=C([H])C(=C3[H])N(C([H])([H])[H])C([H])([H])[H])=[N+](C([H])([H])[H])C([H])([H])[H],6099,0.0054
77,[H]N([H])C(=O)C(C1=C([H])C([H])=C([H])C([H])=C1[H])(C1=C([H])C([H])=C(F)C([H])=C1[H])C1=C([H])C([H])=C(F)C([H])=C1[H],216327,0.006
78,[H]OC([H])([H])C(N([H])[H])(C([H])([H])O[H])C([H])([H])C([H])([H])C1=C([H])C([H])=C(C([H])=C1[H])C([H])([H])C([H])([H])C([H])([H])C([H])([H])C([H])([H])C([H])([H])C([H])([H])C([H])([H])[H],107970,0.0061
79,[H]N(C(=O)N([H])C1=C([H])C([H])=C([H])C(=C1[H])C([H])([H])N([H])C(=O)O[C@]1([H])C([H])([H])OC([H])([H])C1([H])[H])C1=C([H])C(OC([H])([H])[H])=C(C([H])=C1[H])C1=C([H])N=C([H])O1,153241,0.007
80,[H]N(C(=O)C1=C(ON=C1[H])C([H])([H])[H])C1=C([H])C([H])=C(C([H])=C1[H])C(F)(F)F,3899,0.009
81,[H]OC([H])([H])C(=O)[C@@]1(O[H])C([H])([H])C([H])([H])[C@@]2([H])[C@]3([H])C([H])([H])C([H])([H])C4=C([H])C(=O)C([H])([H])C([H])([H])[C@]4(C([H])([H])[H])[C@@]3([H])[C@@]([H])(O[H])C([H])([H])[C@]12C([H])([H])[H],5754,0.01
82,[H]OP(=O)(O[H])O[H].[H]N1C([H])=C([H])C2=C(N=C([H])N=C12)C1=C([H])N(N=C1[H])C([H])(C([H])([H])C#N)C1([H])C([H])([H])C([H])([H])C([H])([H])C1([H])[H],25127112,0.01
83,[H]OC(=O)C1=C([H])C([H])=C([H])C([H])=C1N([H])C([H])(C1=C([H])C(=C([H])N2C(=O)C([H])=C(N=C12)N1C([H])([H])C([H])([H])OC([H])([H])C1([H])[H])C([H])([H])[H])C([H])([H])[H],44137675,0.01
84,[H]OC(=O)C(\[H])=C(/[H])C(=O)O[H].[H]N([H])C1=C2N=C([H])N(C2=NC([H])=N1)C([H])([H])C([H])(OC([H])([H])P(=O)(OC([H])([H])OC(=O)OC([H])(C([H])([H])[H])C([H])([H])[H])OC([H])([H])OC(=O)OC([H])(C([H])([H])[H])C([H])([H])[H])C([H])([H])[H],6398764,0.014
85,[H]N([H])C1=NC(=NN1C1=NN=C2C3=C([H])C([H])=C([H])C([H])=C3C([H])([H])C([H])([H])C([H])([H])C2=C1[H])N([H])C1=C([H])C2=C(C([H])=C1[H])C([H])([H])C([H])([H])[C@]([H])(N1C([H])([H])C([H])([H])C([H])([H])C1([H])[H])C([H])([H])C2([H])[H],46215462,0.014
86,[H]OC([H])([H])C([H])([H])N(C1=NC2=C(N=C(N=C2N2C([H])([H])C([H])([H])C([H])([H])C([H])([H])C2([H])[H])N(C([H])([H])C([H])([H])O[H])C([H])([H])C([H])([H])O[H])C(=N1)N1C([H])([H])C([H])([H])C([H])([H])C([H])([H])C1([H])[H])C([H])([H])C([H])([H])O[H],3108,0.015
87,[H]OC1=C([H])C2=C(C(=O)C([H])=C(O2)C2=C([H])C([H])=C([H])C([H])=C2[H])C(O[H])=C1O[H],5281605,0.015
88,[H]OC(=O)C([H])(OC1=NC(=C([H])C(=N1)C([H])([H])[H])C([H])([H])[H])C(OC([H])([H])[H])(C1=C([H])C([H])=C([H])C([H])=C1[H])C1=C([H])C([H])=C([H])C([H])=C1[H],6918493,0.0217
89,[H]OC(C(=O)N([H])C1=C([H])C(=C(C#N)C([H])=C1[H])C(F)(F)F)(C([H])([H])[H])C([H])([H])S(=O)(=O)C1=C([H])C([H])=C(F)C([H])=C1[H],2375,0.025
90,[H]C1=C([H])C([H])=C2C(OC(=C2C(=O)C2=C([H])C(I)=C(OC([H])([H])C([H])([H])N(C([H])([H])C([H])([H])[H])C([H])([H])C([H])([H])[H])C(I)=C2[H])C([H])([H])C([H])([H])C([H])([H])C([H])([H])[H])=C1[H],2157,0.03
91,[H]OC([H])([H])[C@@]1([H])O[C@@]([H])(N2N=C(N=C2[H])C(=O)N([H])[H])[C@]([H])(O[H])[C@]1([H])O[H],37542,0.04
92,[H]N([H])C(=O)C1=NC(F)=C([H])N([H])C1=O,492405,0.044
93,[H]OP(=O)(O[H])O[H].[H]N(C1=C2C([H])=C([H])C(Cl)=C([H])C2=NC([H])=C1[H])C([H])(C([H])([H])[H])C([H])([H])C([H])([H])C([H])([H])N(C([H])([H])C([H])([H])[H])C([H])([H])C([H])([H])[H],83818,0.045
94,[H]C1=C([H])C2=C(S1)C([H])([H])C([H])([H])N(C2([H])[H])C([H])(C(=O)OC([H])([H])[H])C1=C([H])C([H])=C([H])C([H])=C1Cl,60606,0.05
95,[H]OS(=O)(=O)C([H])([H])[H].[H]N([H])C(=NC1=C([H])C([H])=C(C([H])=C1[H])C(=O)OC1=C([H])C([H])=C(C([H])=C1[H])C([H])([H])C(=O)OC([H])([H])C(=O)N(C([H])([H])[H])C([H])([H])[H])N([H])[H],5284360,0.0506
96,[H]C1=C([H])N2N=C(C(C(=O)C([H])(C([H])([H])[H])C([H])([H])[H])=C2C([H])=C1[H])C([H])(C([H])([H])[H])C([H])([H])[H],3671,0.054
97,[H]OC(=O)C([H])(C1=C([H])C2=C(C([H])=C1[H])C([H])=C(OC([H])([H])[H])C([H])=C2[H])C([H])([H])[H],156391,0.06
98,[H]N(C(=O)C1=C([H])C([H])=C([H])C([H])=C1OC(=O)C([H])([H])[H])C1=NC([H])=C(S1)[N+]([O-])=O,41684,0.068
99,[H]OC1=C([H])C(OP(=O)(O[H])O[H])=C(C([H])=C1C1=NN([H])C(=O)N1C1=C([H])C2=C(C([H])=C1[H])N(C([H])=C2[H])C([H])([H])[H])C([H])(C([H])([H])[H])C([H])([H])[H],135565962,0.088
100,[H]O[C@@]1([H])[C@]([H])(O[C@]2([H])[C@@]([H])(C([H])([H])[H])[C@]([H])(O[C@]3([H])O[C@@]([H])(C([H])([H])[H])[C@]([H])(O[H])[C@@](OC([H])([H])[H])(C([H])([H])[H])C3([H])[H])[C@]([H])(C(=O)O[C@]([H])(C([H])([H])C([H])([H])[H])[C@](O[H])(C([H])([H])[H])[C@]([H])(O[H])[C@]([H])(C(=O)[C@]([H])(C([H])([H])[H])C([H])([H])[C@]2(OC([H])([H])[H])C([H])([H])[H])C([H])([H])[H])C([H])([H])[H])O[C@]([H])(C([H])([H])[H])C([H])([H])[C@]1([H])N(C([H])([H])[H])C([H])([H])[H],84029,0.09
101,[H]N1C(=NC2=C1C([H])=C(OC([H])([H])[H])C([H])=C2[H])S(=O)C([H])([H])C1=NC([H])=C(C(OC([H])([H])[H])=C1C([H])([H])[H])C([H])([H])[H],4594,0.0955
102,[H]OC(=O)C([H])(C1=C([H])C([H])=C(C([H])=C1[H])C([H])([H])C([H])(C([H])([H])[H])C([H])([H])[H])C([H])([H])[H],3672,0.1
103,[H]N([H])C1=C([H])C([H])=C(C([H])=C1[H])S(=O)(=O)N([H])C1=NOC(=C1[H])C([H])([H])[H],5329,0.1
104,[H]OS(=O)(=O)C([H])([H])[H].[H]N(C(=O)C1=C([H])C([H])=C(C([H])=C1[H])C([H])([H])N1C([H])([H])C([H])([H])N(C([H])([H])[H])C([H])([H])C1([H])[H])C1=C([H])C(N([H])C2=NC([H])=C([H])C(=N2)C2=C([H])N=C([H])C([H])=C2[H])=C(C([H])=C1[H])C([H])([H])[H],123596,0.1
105,[H]N([H])C1=C([H])C([H])=C([H])C2=C1C([H])([H])N(C2=O)C1([H])C(=O)N([H])C(=O)C([H])([H])C1([H])[H],216326,0.1
106,[H]O[C@]1([H])[C@]([H])(O[H])[C@]([H])(O[C@@]1([H])N1C([H])=NC2=C(N=C([H])N=C12)N([H])[H])C([H])([H])OP(=O)(O[H])O[H],6083,0.1
107,[H]OC1=C([H])C([H])=C([H])C2=C1C(O[H])=C1C(=O)[C@]3(O[H])C(O[H])=C(C(=O)N([H])[H])C(=O)[C@@]([H])(N(C([H])([H])[H])C([H])([H])[H])[C@]3([H])[C@@]([H])(O[H])[C@]1([H])[C@@]2([H])C([H])([H])[H],54671203,0.12
108,[H]OC(=O)C1=C([H])N2C3=C(OC([H])([H])[C@]2([H])C([H])([H])[H])C(N2C([H])([H])C([H])([H])N(C([H])([H])[H])C([H])([H])C2([H])[H])=C(F)C([H])=C3C1=O,149096,0.125
109,[H]OC(=O)C1=C(C(=O)N([H])C2=C(F)C([H])=C(C([H])=C2[H])C2=C([H])C(OC([H])([H])[H])=C([H])C([H])=C2[H])C([H])([H])C([H])([H])C1([H])[H],9820008,0.134
110,[H]OC(=O)[C@]1([H])N2C(=O)[C@@]([H])(N([H])C(=O)C([H])(N([H])C(=O)N3C(=O)C(=O)N(C([H])([H])C([H])([H])[H])C([H])([H])C3([H])[H])C3=C([H])C([H])=C([H])C([H])=C3[H])[C@@]2([H])SC1(C([H])([H])[H])C([H])([H])[H],43672,0.166
111,[H]OC(=O)C([H])(N([H])[H])C([H])([H])C([H])([H])SC([H])([H])[C@@]1([H])O[C@@]([H])(N2C([H])=NC3=C(N=C([H])N=C23)N([H])[H])[C@]([H])(O[H])[C@]1([H])O[H],439155,0.18
112,Cl[H].[H]OC(=O)C1=C([H])N(C2=C(OC([H])([H])[H])C(N3C([H])([H])[C@@]4([H])N([H])C([H])([H])C([H])([H])C([H])([H])[C@@]4([H])C3([H])[H])=C(F)C([H])=C2C1=O)C1([H])C([H])([H])C1([H])[H],101526,0.195
113,[H]ON1C(C2=C([H])C([H])=C([H])C([H])=C2[H])=C2C([H])=C(Cl)C([H])=C([H])C2=N\C(=N/C([H])([H])[H])C1([H])[H],2712,0.2
114,[H]OC1=C(OC([H])([H])[H])C([H])=C(\C([H])=C(/[H])C(=O)C([H])([H])C(=O)C(\[H])=C(/[H])C2=C([H])C(OC([H])([H])[H])=C(O[H])C([H])=C2[H])C([H])=C1[H],969516,0.2
115,[H]OC(=O)[C@@]1([H])N(C(=O)[C@@]2([H])N(C(=O)C([H])(N([H])C(=O)C([H])(N([H])C(=O)[C@@]3([H])N(C(=O)C([H])(N([H])C(=O)[C@@]4([H])N(C(=O)C([H])(N([H])C(=O)[C@@]5([H])N([H])C(=O)C([H])([H])C5([H])[H])C([H])([H])C5=C([H])N([H])C6=C([H])C([H])=C([H])C([H])=C56)C([H])([H])C([H])([H])C4([H])[H])C([H])([H])C([H])([H])C([H])([H])N=C(N([H])[H])N([H])[H])C([H])([H])C([H])([H])C3([H])[H])C([H])([H])C([H])([H])C(=O)N([H])[H])C([H])(C([H])([H])[H])C([H])([H])C([H])([H])[H])C([H])([H])C([H])([H])C2([H])[H])C([H])([H])C([H])([H])C1([H])[H],443376,0.22
116,[H]OC(=O)C([H])(N([H])[H])C([H])([H])C1=C([H])C([H])=C(C([H])=C1[H])N(C([H])([H])C([H])([H])Cl)C([H])([H])C([H])([H])Cl,460612,0.22
117,[H]C1=C([H])C2=C([H])C([H])=C1OC1=C(OC([H])([H])[H])C([H])=C([H])C(=C1[H])C([H])([H])[C@]1([H])N(C([H])([H])[H])C([H])([H])C([H])([H])C3=C([H])C(OC([H])([H])[H])=C(OC([H])([H])[H])C(OC4=C(OC([H])([H])[H])C([H])=C5C(=C4[H])[C@@]([H])(N(C([H])([H])[H])C([H])([H])C5([H])[H])C2([H])[H])=C13,73078,0.257
118,[H]OC(=O)C1=C(C([H])([H])SC2=NC(=O)C(=O)N([H])N2C([H])([H])[H])C([H])([H])S[C@@]2([H])N1C(=O)[C@@]2([H])N([H])C(=O)C(=N/OC([H])([H])[H])\C1=C([H])SC(=N1)N([H])[H],5479530,0.29
119,[H]N(C(=O)C([H])([H])[H])C([H])([H])C([H])([H])C1=C([H])N([H])C2=C1C([H])=C(F)C([H])=C2[H],699127,0.295
120,[H]OC(=O)C1=C([H])N(C2=C(OC([H])([H])[H])C(N3C([H])([H])[C@@]4([H])N([H])C([H])([H])C([H])([H])C([H])([H])[C@@]4([H])C3([H])[H])=C(F)C([H])=C2C1=O)C1([H])C([H])([H])C1([H])[H],152946,0.3
121,[Br-].[H]C1=C([H])C(OC(=O)N(C([H])([H])[H])C([H])([H])[H])=C([H])[N+](=C1[H])C([H])([H])[H],7550,0.35
122,[H]N1C(=O)C([H])([H])C([H])([H])C([H])(N2C(=O)C3=C([H])C([H])=C([H])C([H])=C3C2=O)C1=O,5426,0.37
123,[H]OP(=O)(O[H])C([H])([H])OC([H])(C([H])([H])[H])C([H])([H])N1C([H])=NC2=C(N=C([H])N=C12)N([H])[H],464205,0.38
124,[H]OC(=O)C([H])([H])C([H])([H])C([H])(N([H])C(=O)C1=C([H])C([H])=C(N([H])C([H])([H])C2=C([H])N=C3N=C(N([H])[H])N([H])C(=O)C3=N2)C([H])=C1[H])C(=O)O[H],135398658,0.5
125,[H]N([H])C([H])([H])C([H])([H])O\N=C(\C1=C([H])C([H])=C(C([H])=C1[H])C(F)(F)F)C([H])([H])C([H])([H])C([H])([H])C([H])([H])OC([H])([H])[H],5324346,0.54
126,[H]N(C([H])([H])[H])C1(C(=O)C([H])([H])C([H])([H])C([H])([H])C1([H])[H])C1=C([H])C([H])=C([H])C([H])=C1Cl,3821,0.61
127,[H]OC(=O)C1=C([H])C2=C([H])C([H])=C([H])C([H])=C2N1[H],72899,0.745
128,[H]OC([H])([H])C([H])(N([H])C(=O)C([H])(N([H])C(=O)OC([H])([H])C1=C([H])C([H])=C([H])C([H])=C1[H])C([H])([H])C([H])(C([H])([H])[H])C([H])([H])[H])C([H])([H])[C@@]1([H])C(=O)N([H])C([H])([H])C1([H])[H],78225172,0.82
129,[H]OC1=C(Br)C([H])=C2N(C(=C(C(=O)OC([H])([H])C([H])([H])[H])C2=C1C([H])([H])N(C([H])([H])[H])C([H])([H])[H])C([H])([H])SC1=C([H])C([H])=C([H])C([H])=C1[H])C([H])([H])[H],131411,1
130,[H]OC(=O)C([H])(N([H])[H])C([H])([H])C([H])([H])C([H])(N([H])[H])C([H])([H])[C@@]1([H])O[C@@]([H])(N2C([H])=NC3=C(N=C([H])N=C23)N([H])[H])[C@]([H])(O[H])[C@]1([H])O[H],65482,1
131,[H]OC(=O)C([H])(N([H])[H])C([H])([H])C([H])([H])C([H])([H])C([H])([H])\N=C(\N([H])[H])C([H])([H])[H],11957582,1.6
132,[H]OC([H])([H])[C@@]1([H])O[C@@]([H])(O[H])[C@]([H])(N([H])C(=O)C([H])([H])[H])[C@@]([H])(O[H])[C@]1([H])O[H],24139,1.99526
133,[H]O[C@]1([H])C([H])([H])\C(=C(/[H])\C(\[H])=C2/C([H])([H])C([H])([H])C([H])([H])[C@@]3(C([H])([H])[H])[C@@]2([H])C([H])([H])C([H])([H])[C@]3([H])C([H])(C([H])([H])[H])C([H])([H])C([H])([H])C([H])([H])C([H])(C([H])([H])[H])C([H])([H])[H])C(=C([H])[H])C([H])([H])C1([H])[H],5280795,2.1
134,[H]OC1=C([H])C([H])=C(N([H])C(=O)C([H])([H])[H])C([H])=C1[H],1983,2.3
135,[H]OC(=O)C1([H])C([H])([H])C([H])([H])C([H])(C([H])([H])N([H])[H])C([H])([H])C1([H])[H],5526,3.1
136,[H]ON(C(=O)C([H])([H])[H])C([H])([H])C([H])([H])C([H])([H])C([H])([H])C([H])([H])N([H])C(=O)C([H])([H])C([H])([H])C(=O)N(O[H])C([H])([H])C([H])([H])C([H])([H])C([H])([H])C([H])([H])N([H])C(=O)C([H])([H])C([H])([H])C(=O)N(O[H])C([H])([H])C([H])([H])C([H])([H])C([H])([H])C([H])([H])N([H])[H],2973,3.4
137,[H]OC(=O)C([H])([H])C(O[H])(C(=O)O[H])C([H])([H])C(=O)O[H],311,3.545
138,[H]OC1=C(C([H])=C([H])C([H])=C1C([H])(C([H])([H])[H])C([H])([H])[H])C([H])(C([H])([H])[H])C([H])([H])[H],4943,3.95
139,[H]OS(=O)(=O)C([H])([H])[H].[H]ON(C(=O)C([H])([H])[H])C([H])([H])C([H])([H])C([H])([H])C([H])([H])C([H])([H])N([H])C(=O)C([H])([H])C([H])([H])C(=O)N(O[H])C([H])([H])C([H])([H])C([H])([H])C([H])([H])C([H])([H])N([H])C(=O)C([H])([H])C([H])([H])C(=O)N(O[H])C([H])([H])C([H])([H])C([H])([H])C([H])([H])C([H])([H])N([H])[H],62881,4.5338
140,[H]OC([H])(C(=O)N([H])[H])C([H])(N([H])C(=O)[C@@]1([H])N(C(=O)C([H])(N([H])C(=O)N([H])C(C([H])([H])[H])(C([H])([H])[H])C([H])([H])[H])C(C([H])([H])[H])(C([H])([H])[H])C([H])([H])[H])C([H])([H])[C@@]2([H])[C@]1([H])C2(C([H])([H])[H])C([H])([H])[H])C([H])([H])C1([H])C([H])([H])C([H])([H])C1([H])[H],71316139,4.58
